-- Adminer 4.7.0 MySQL dump

SET NAMES utf8;
SET time_zone = '+00:00';
SET foreign_key_checks = 0;
SET sql_mode = 'NO_AUTO_VALUE_ON_ZERO';

DROP TABLE IF EXISTS `alertas`;
CREATE TABLE `alertas` (
  `ID` bigint(20) NOT NULL AUTO_INCREMENT,
  `AlertaTipo` varchar(45) NOT NULL,
  `Mensaje` text NOT NULL,
  `Estado` int(11) NOT NULL,
  `TablaOrigen` varchar(100) NOT NULL,
  `idTabla` bigint(20) NOT NULL,
  `Updated` timestamp NOT NULL DEFAULT CURRENT_TIMESTAMP ON UPDATE CURRENT_TIMESTAMP,
  `Sync` datetime NOT NULL DEFAULT '0000-00-00 00:00:00',
  PRIMARY KEY (`ID`)
) ENGINE=InnoDB DEFAULT CHARSET=utf8;


DROP TABLE IF EXISTS `cod_municipios_dptos`;
CREATE TABLE `cod_municipios_dptos` (
  `ID` varchar(10) COLLATE utf8_spanish_ci NOT NULL,
  `Cod_mcipio` varchar(10) COLLATE utf8_spanish_ci NOT NULL,
  `Cod_Dpto` int(11) NOT NULL,
  `Departamento` varchar(100) COLLATE utf8_spanish_ci NOT NULL,
  `Ciudad` varchar(100) COLLATE utf8_spanish_ci NOT NULL,
  `Updated` timestamp NOT NULL DEFAULT CURRENT_TIMESTAMP ON UPDATE CURRENT_TIMESTAMP,
  `Sync` datetime NOT NULL DEFAULT '0000-00-00 00:00:00',
  PRIMARY KEY (`ID`)
) ENGINE=InnoDB DEFAULT CHARSET=utf8 COLLATE=utf8_spanish_ci;

INSERT INTO `cod_municipios_dptos` (`ID`, `Cod_mcipio`, `Cod_Dpto`, `Departamento`, `Ciudad`, `Updated`, `Sync`) VALUES
('1',	'001',	5,	'ANTIOQUIA',	'MEDELLIN',	'2019-01-13 14:04:42',	'2019-01-13 09:04:42'),
('10',	'040',	5,	'ANTIOQUIA',	'ANORI',	'2019-01-13 14:04:42',	'2019-01-13 09:04:42'),
('100',	'674',	5,	'ANTIOQUIA',	'SAN VICENTE',	'2019-01-13 14:04:42',	'2019-01-13 09:04:42'),
('1000',	'854',	73,	'TOLIMA',	'VALLE DE SAN JUAN',	'2019-01-13 14:04:42',	'2019-01-13 09:04:42'),
('1001',	'861',	73,	'TOLIMA',	'VENADILLO',	'2019-01-13 14:04:42',	'2019-01-13 09:04:42'),
('1002',	'870',	73,	'TOLIMA',	'VILLAHERMOSA',	'2019-01-13 14:04:42',	'2019-01-13 09:04:42'),
('1003',	'873',	73,	'TOLIMA',	'VILLARRICA',	'2019-01-13 14:04:42',	'2019-01-13 09:04:42'),
('1004',	'001',	76,	'VALLE DEL CAUCA',	'CALI',	'2019-01-13 14:04:42',	'2019-01-13 09:04:42'),
('1005',	'020',	76,	'VALLE DEL CAUCA',	'ALCALA',	'2019-01-13 14:04:42',	'2019-01-13 09:04:42'),
('1006',	'036',	76,	'VALLE DEL CAUCA',	'ANDALUCIA',	'2019-01-13 14:04:42',	'2019-01-13 09:04:42'),
('1007',	'041',	76,	'VALLE DEL CAUCA',	'ANSERMANUEVO',	'2019-01-13 14:04:42',	'2019-01-13 09:04:42'),
('1008',	'054',	76,	'VALLE DEL CAUCA',	'ARGELIA',	'2019-01-13 14:04:42',	'2019-01-13 09:04:42'),
('1009',	'100',	76,	'VALLE DEL CAUCA',	'BOLIVAR',	'2019-01-13 14:04:42',	'2019-01-13 09:04:42'),
('101',	'679',	5,	'ANTIOQUIA',	'SANTA BARBARA',	'2019-01-13 14:04:42',	'2019-01-13 09:04:42'),
('1010',	'109',	76,	'VALLE DEL CAUCA',	'BUENAVENTURA',	'2019-01-13 14:04:42',	'2019-01-13 09:04:42'),
('1011',	'111',	76,	'VALLE DEL CAUCA',	'GUADALAJARA DE BUGA',	'2019-01-13 14:04:42',	'2019-01-13 09:04:42'),
('1012',	'113',	76,	'VALLE DEL CAUCA',	'BUGALAGRANDE',	'2019-01-13 14:04:42',	'2019-01-13 09:04:42'),
('1013',	'122',	76,	'VALLE DEL CAUCA',	'CAICEDONIA',	'2019-01-13 14:04:42',	'2019-01-13 09:04:42'),
('1014',	'126',	76,	'VALLE DEL CAUCA',	'CALIMA',	'2019-01-13 14:04:42',	'2019-01-13 09:04:42'),
('1015',	'130',	76,	'VALLE DEL CAUCA',	'CANDELARIA',	'2019-01-13 14:04:42',	'2019-01-13 09:04:42'),
('1016',	'147',	76,	'VALLE DEL CAUCA',	'CARTAGO',	'2019-01-13 14:04:42',	'2019-01-13 09:04:42'),
('1017',	'233',	76,	'VALLE DEL CAUCA',	'DAGUA',	'2019-01-13 14:04:42',	'2019-01-13 09:04:42'),
('1018',	'243',	76,	'VALLE DEL CAUCA',	'EL AGUILA',	'2019-01-13 14:04:42',	'2019-01-13 09:04:42'),
('1019',	'246',	76,	'VALLE DEL CAUCA',	'EL CAIRO',	'2019-01-13 14:04:42',	'2019-01-13 09:04:42'),
('102',	'686',	5,	'ANTIOQUIA',	'SANTA ROSA DE OSOS',	'2019-01-13 14:04:42',	'2019-01-13 09:04:42'),
('1020',	'248',	76,	'VALLE DEL CAUCA',	'EL CERRITO',	'2019-01-13 14:04:42',	'2019-01-13 09:04:42'),
('1021',	'250',	76,	'VALLE DEL CAUCA',	'EL DOVIO',	'2019-01-13 14:04:42',	'2019-01-13 09:04:42'),
('1022',	'275',	76,	'VALLE DEL CAUCA',	'FLORIDA',	'2019-01-13 14:04:42',	'2019-01-13 09:04:42'),
('1023',	'306',	76,	'VALLE DEL CAUCA',	'GINEBRA',	'2019-01-13 14:04:42',	'2019-01-13 09:04:42'),
('1024',	'318',	76,	'VALLE DEL CAUCA',	'GUACARI',	'2019-01-13 14:04:42',	'2019-01-13 09:04:42'),
('1025',	'364',	76,	'VALLE DEL CAUCA',	'JAMUNDI',	'2019-01-13 14:04:42',	'2019-01-13 09:04:42'),
('1026',	'377',	76,	'VALLE DEL CAUCA',	'LA CUMBRE',	'2019-01-13 14:04:42',	'2019-01-13 09:04:42'),
('1027',	'400',	76,	'VALLE DEL CAUCA',	'LA UNION',	'2019-01-13 14:04:42',	'2019-01-13 09:04:42'),
('1028',	'403',	76,	'VALLE DEL CAUCA',	'LA VICTORIA',	'2019-01-13 14:04:42',	'2019-01-13 09:04:42'),
('1029',	'497',	76,	'VALLE DEL CAUCA',	'OBANDO',	'2019-01-13 14:04:42',	'2019-01-13 09:04:42'),
('103',	'690',	5,	'ANTIOQUIA',	'SANTO DOMINGO',	'2019-01-13 14:04:42',	'2019-01-13 09:04:42'),
('1030',	'520',	76,	'VALLE DEL CAUCA',	'PALMIRA',	'2019-01-13 14:04:42',	'2019-01-13 09:04:42'),
('1031',	'563',	76,	'VALLE DEL CAUCA',	'PRADERA',	'2019-01-13 14:04:42',	'2019-01-13 09:04:42'),
('1032',	'606',	76,	'VALLE DEL CAUCA',	'RESTREPO',	'2019-01-13 14:04:42',	'2019-01-13 09:04:42'),
('1033',	'616',	76,	'VALLE DEL CAUCA',	'RIOFRIO',	'2019-01-13 14:04:42',	'2019-01-13 09:04:42'),
('1034',	'622',	76,	'VALLE DEL CAUCA',	'ROLDANILLO',	'2019-01-13 14:04:42',	'2019-01-13 09:04:42'),
('1035',	'670',	76,	'VALLE DEL CAUCA',	'SAN PEDRO',	'2019-01-13 14:04:42',	'2019-01-13 09:04:42'),
('1036',	'736',	76,	'VALLE DEL CAUCA',	'SEVILLA',	'2019-01-13 14:04:42',	'2019-01-13 09:04:42'),
('1037',	'823',	76,	'VALLE DEL CAUCA',	'TORO',	'2019-01-13 14:04:42',	'2019-01-13 09:04:42'),
('1038',	'828',	76,	'VALLE DEL CAUCA',	'TRUJILLO',	'2019-01-13 14:04:42',	'2019-01-13 09:04:42'),
('1039',	'834',	76,	'VALLE DEL CAUCA',	'TULUA',	'2019-01-13 14:04:42',	'2019-01-13 09:04:42'),
('104',	'697',	5,	'ANTIOQUIA',	'EL SANTUARIO',	'2019-01-13 14:04:42',	'2019-01-13 09:04:42'),
('1040',	'845',	76,	'VALLE DEL CAUCA',	'ULLOA',	'2019-01-13 14:04:42',	'2019-01-13 09:04:42'),
('1041',	'863',	76,	'VALLE DEL CAUCA',	'VERSALLES',	'2019-01-13 14:04:42',	'2019-01-13 09:04:42'),
('1042',	'869',	76,	'VALLE DEL CAUCA',	'VIJES',	'2019-01-13 14:04:42',	'2019-01-13 09:04:42'),
('1043',	'890',	76,	'VALLE DEL CAUCA',	'YOTOCO',	'2019-01-13 14:04:42',	'2019-01-13 09:04:42'),
('1044',	'892',	76,	'VALLE DEL CAUCA',	'YUMBO',	'2019-01-13 14:04:42',	'2019-01-13 09:04:42'),
('1045',	'895',	76,	'VALLE DEL CAUCA',	'ZARZAL',	'2019-01-13 14:04:42',	'2019-01-13 09:04:42'),
('1046',	'001',	81,	'ARAUCA',	'ARAUCA',	'2019-01-13 14:04:42',	'2019-01-13 09:04:42'),
('1047',	'065',	81,	'ARAUCA',	'ARAUQUITA',	'2019-01-13 14:04:42',	'2019-01-13 09:04:42'),
('1048',	'220',	81,	'ARAUCA',	'CRAVO NORTE',	'2019-01-13 14:04:42',	'2019-01-13 09:04:42'),
('1049',	'300',	81,	'ARAUCA',	'FORTUL',	'2019-01-13 14:04:42',	'2019-01-13 09:04:42'),
('105',	'736',	5,	'ANTIOQUIA',	'SEGOVIA',	'2019-01-13 14:04:42',	'2019-01-13 09:04:42'),
('1050',	'591',	81,	'ARAUCA',	'PUERTO RONDON',	'2019-01-13 14:04:42',	'2019-01-13 09:04:42'),
('1051',	'736',	81,	'ARAUCA',	'SARAVENA',	'2019-01-13 14:04:42',	'2019-01-13 09:04:42'),
('1052',	'794',	81,	'ARAUCA',	'TAME',	'2019-01-13 14:04:42',	'2019-01-13 09:04:42'),
('1053',	'001',	85,	'CASANARE',	'YOPAL',	'2019-01-13 14:04:42',	'2019-01-13 09:04:42'),
('1054',	'010',	85,	'CASANARE',	'AGUAZUL',	'2019-01-13 14:04:42',	'2019-01-13 09:04:42'),
('1055',	'015',	85,	'CASANARE',	'CHAMEZA',	'2019-01-13 14:04:42',	'2019-01-13 09:04:42'),
('1056',	'125',	85,	'CASANARE',	'HATO COROZAL',	'2019-01-13 14:04:42',	'2019-01-13 09:04:42'),
('1057',	'136',	85,	'CASANARE',	'LA SALINA',	'2019-01-13 14:04:42',	'2019-01-13 09:04:42'),
('1058',	'139',	85,	'CASANARE',	'MANI',	'2019-01-13 14:04:42',	'2019-01-13 09:04:42'),
('1059',	'162',	85,	'CASANARE',	'MONTERREY',	'2019-01-13 14:04:42',	'2019-01-13 09:04:42'),
('106',	'756',	5,	'ANTIOQUIA',	'SONSON',	'2019-01-13 14:04:42',	'2019-01-13 09:04:42'),
('1060',	'225',	85,	'CASANARE',	'NUNCHIA',	'2019-01-13 14:04:42',	'2019-01-13 09:04:42'),
('1061',	'230',	85,	'CASANARE',	'OROCUE',	'2019-01-13 14:04:42',	'2019-01-13 09:04:42'),
('1062',	'250',	85,	'CASANARE',	'PAZ DE ARIPORO',	'2019-01-13 14:04:42',	'2019-01-13 09:04:42'),
('1063',	'263',	85,	'CASANARE',	'PORE',	'2019-01-13 14:04:42',	'2019-01-13 09:04:42'),
('1064',	'279',	85,	'CASANARE',	'RECETOR',	'2019-01-13 14:04:42',	'2019-01-13 09:04:42'),
('1065',	'300',	85,	'CASANARE',	'SABANALARGA',	'2019-01-13 14:04:42',	'2019-01-13 09:04:42'),
('1066',	'315',	85,	'CASANARE',	'SACAMA',	'2019-01-13 14:04:42',	'2019-01-13 09:04:42'),
('1067',	'325',	85,	'CASANARE',	'SAN LUIS DE PALENQUE',	'2019-01-13 14:04:42',	'2019-01-13 09:04:42'),
('1068',	'400',	85,	'CASANARE',	'TAMARA',	'2019-01-13 14:04:42',	'2019-01-13 09:04:42'),
('1069',	'410',	85,	'CASANARE',	'TAURAMENA',	'2019-01-13 14:04:42',	'2019-01-13 09:04:42'),
('107',	'761',	5,	'ANTIOQUIA',	'SOPETRAN',	'2019-01-13 14:04:42',	'2019-01-13 09:04:42'),
('1070',	'430',	85,	'CASANARE',	'TRINIDAD',	'2019-01-13 14:04:42',	'2019-01-13 09:04:42'),
('1071',	'440',	85,	'CASANARE',	'VILLANUEVA',	'2019-01-13 14:04:42',	'2019-01-13 09:04:42'),
('1072',	'001',	86,	'PUTUMAYO',	'MOCOA',	'2019-01-13 14:04:42',	'2019-01-13 09:04:42'),
('1073',	'219',	86,	'PUTUMAYO',	'COLON',	'2019-01-13 14:04:42',	'2019-01-13 09:04:42'),
('1074',	'320',	86,	'PUTUMAYO',	'ORITO',	'2019-01-13 14:04:42',	'2019-01-13 09:04:42'),
('1075',	'568',	86,	'PUTUMAYO',	'PUERTO ASIS',	'2019-01-13 14:04:42',	'2019-01-13 09:04:42'),
('1076',	'569',	86,	'PUTUMAYO',	'PUERTO CAICEDO',	'2019-01-13 14:04:42',	'2019-01-13 09:04:42'),
('1077',	'571',	86,	'PUTUMAYO',	'PUERTO GUZMAN',	'2019-01-13 14:04:42',	'2019-01-13 09:04:42'),
('1078',	'573',	86,	'PUTUMAYO',	'LEGUIZAMO',	'2019-01-13 14:04:42',	'2019-01-13 09:04:42'),
('1079',	'749',	86,	'PUTUMAYO',	'SIBUNDOY',	'2019-01-13 14:04:42',	'2019-01-13 09:04:42'),
('108',	'789',	5,	'ANTIOQUIA',	'TAMESIS',	'2019-01-13 14:04:42',	'2019-01-13 09:04:42'),
('1080',	'755',	86,	'PUTUMAYO',	'SAN FRANCISCO',	'2019-01-13 14:04:42',	'2019-01-13 09:04:42'),
('1081',	'757',	86,	'PUTUMAYO',	'SAN MIGUEL',	'2019-01-13 14:04:42',	'2019-01-13 09:04:42'),
('1082',	'760',	86,	'PUTUMAYO',	'SANTIAGO',	'2019-01-13 14:04:42',	'2019-01-13 09:04:42'),
('1083',	'865',	86,	'PUTUMAYO',	'VALLE DEL GUAMUEZ',	'2019-01-13 14:04:42',	'2019-01-13 09:04:42'),
('1084',	'885',	86,	'PUTUMAYO',	'VILLAGARZON',	'2019-01-13 14:04:42',	'2019-01-13 09:04:42'),
('1085',	'001',	88,	'SAN ANDRES',	'SAN ANDRES',	'2019-01-13 14:04:42',	'2019-01-13 09:04:42'),
('1086',	'564',	88,	'SAN ANDRES',	'PROVIDENCIA',	'2019-01-13 14:04:42',	'2019-01-13 09:04:42'),
('1087',	'001',	91,	'AMAZONAS',	'LETICIA',	'2019-01-13 14:04:42',	'2019-01-13 09:04:42'),
('1088',	'263',	91,	'AMAZONAS',	'EL ENCANTO',	'2019-01-13 14:04:42',	'2019-01-13 09:04:42'),
('1089',	'405',	91,	'AMAZONAS',	'LA CHORRERA',	'2019-01-13 14:04:42',	'2019-01-13 09:04:42'),
('109',	'790',	5,	'ANTIOQUIA',	'TARAZA',	'2019-01-13 14:04:42',	'2019-01-13 09:04:42'),
('1090',	'407',	91,	'AMAZONAS',	'LA PEDRERA',	'2019-01-13 14:04:42',	'2019-01-13 09:04:42'),
('1091',	'430',	91,	'AMAZONAS',	'LA VICTORIA',	'2019-01-13 14:04:42',	'2019-01-13 09:04:42'),
('1092',	'460',	91,	'AMAZONAS',	'MIRITI - PARANA',	'2019-01-13 14:04:42',	'2019-01-13 09:04:42'),
('1093',	'530',	91,	'AMAZONAS',	'PUERTO ALEGRIA',	'2019-01-13 14:04:42',	'2019-01-13 09:04:42'),
('1094',	'536',	91,	'AMAZONAS',	'PUERTO ARICA',	'2019-01-13 14:04:42',	'2019-01-13 09:04:42'),
('1095',	'540',	91,	'AMAZONAS',	'PUERTO NARI?O',	'2019-01-13 14:04:42',	'2019-01-13 09:04:42'),
('1096',	'669',	91,	'AMAZONAS',	'PUERTO SANTANDER',	'2019-01-13 14:04:42',	'2019-01-13 09:04:42'),
('1097',	'798',	91,	'AMAZONAS',	'TARAPACA',	'2019-01-13 14:04:42',	'2019-01-13 09:04:42'),
('1098',	'001',	94,	'GUAINIA',	'INIRIDA',	'2019-01-13 14:04:42',	'2019-01-13 09:04:42'),
('1099',	'343',	94,	'GUAINIA',	'BARRANCO MINAS',	'2019-01-13 14:04:42',	'2019-01-13 09:04:42'),
('11',	'042',	5,	'ANTIOQUIA',	'SANTAFE DE ANTIOQUIA',	'2019-01-13 14:04:42',	'2019-01-13 09:04:42'),
('110',	'792',	5,	'ANTIOQUIA',	'TARSO',	'2019-01-13 14:04:42',	'2019-01-13 09:04:42'),
('1100',	'663',	94,	'GUAINIA',	'MAPIRIPANA',	'2019-01-13 14:04:42',	'2019-01-13 09:04:42'),
('1101',	'883',	94,	'GUAINIA',	'SAN FELIPE',	'2019-01-13 14:04:42',	'2019-01-13 09:04:42'),
('1102',	'884',	94,	'GUAINIA',	'PUERTO COLOMBIA',	'2019-01-13 14:04:42',	'2019-01-13 09:04:42'),
('1103',	'885',	94,	'GUAINIA',	'LA GUADALUPE',	'2019-01-13 14:04:42',	'2019-01-13 09:04:42'),
('1104',	'886',	94,	'GUAINIA',	'CACAHUAL',	'2019-01-13 14:04:42',	'2019-01-13 09:04:42'),
('1105',	'887',	94,	'GUAINIA',	'PANA PANA',	'2019-01-13 14:04:42',	'2019-01-13 09:04:42'),
('1106',	'888',	94,	'GUAINIA',	'MORICHAL',	'2019-01-13 14:04:42',	'2019-01-13 09:04:42'),
('1107',	'001',	95,	'GUAVIARE',	'SAN JOSE DEL GUAVIARE',	'2019-01-13 14:04:42',	'2019-01-13 09:04:42'),
('1108',	'015',	95,	'GUAVIARE',	'CALAMAR',	'2019-01-13 14:04:42',	'2019-01-13 09:04:42'),
('1109',	'025',	95,	'GUAVIARE',	'EL RETORNO',	'2019-01-13 14:04:42',	'2019-01-13 09:04:42'),
('111',	'809',	5,	'ANTIOQUIA',	'TITIRIBI',	'2019-01-13 14:04:42',	'2019-01-13 09:04:42'),
('1110',	'200',	95,	'GUAVIARE',	'MIRAFLORES',	'2019-01-13 14:04:42',	'2019-01-13 09:04:42'),
('1111',	'001',	97,	'VAUPES',	'MITU',	'2019-01-13 14:04:42',	'2019-01-13 09:04:42'),
('1112',	'161',	97,	'VAUPES',	'CARURU',	'2019-01-13 14:04:42',	'2019-01-13 09:04:42'),
('1113',	'511',	97,	'VAUPES',	'PACOA',	'2019-01-13 14:04:42',	'2019-01-13 09:04:42'),
('1114',	'666',	97,	'VAUPES',	'TARAIRA',	'2019-01-13 14:04:42',	'2019-01-13 09:04:42'),
('1115',	'777',	97,	'VAUPES',	'PAPUNAUA',	'2019-01-13 14:04:42',	'2019-01-13 09:04:42'),
('1116',	'889',	97,	'VAUPES',	'YAVARATE',	'2019-01-13 14:04:42',	'2019-01-13 09:04:42'),
('1117',	'001',	99,	'VICHADA',	'PUERTO CARRE?O',	'2019-01-13 14:04:42',	'2019-01-13 09:04:42'),
('1118',	'524',	99,	'VICHADA',	'LA PRIMAVERA',	'2019-01-13 14:04:42',	'2019-01-13 09:04:42'),
('1119',	'624',	99,	'VICHADA',	'SANTA ROSALIA',	'2019-01-13 14:04:42',	'2019-01-13 09:04:42'),
('112',	'819',	5,	'ANTIOQUIA',	'TOLEDO',	'2019-01-13 14:04:42',	'2019-01-13 09:04:42'),
('1120',	'773',	99,	'VICHADA',	'CUMARIBO',	'2019-01-13 14:04:42',	'2019-01-13 09:04:42'),
('113',	'837',	5,	'ANTIOQUIA',	'TURBO',	'2019-01-13 14:04:42',	'2019-01-13 09:04:42'),
('114',	'842',	5,	'ANTIOQUIA',	'URAMITA',	'2019-01-13 14:04:42',	'2019-01-13 09:04:42'),
('115',	'847',	5,	'ANTIOQUIA',	'URRAO',	'2019-01-13 14:04:42',	'2019-01-13 09:04:42'),
('116',	'854',	5,	'ANTIOQUIA',	'VALDIVIA',	'2019-01-13 14:04:42',	'2019-01-13 09:04:42'),
('117',	'856',	5,	'ANTIOQUIA',	'VALPARAISO',	'2019-01-13 14:04:42',	'2019-01-13 09:04:42'),
('118',	'858',	5,	'ANTIOQUIA',	'VEGACHI',	'2019-01-13 14:04:42',	'2019-01-13 09:04:42'),
('119',	'861',	5,	'ANTIOQUIA',	'VENECIA',	'2019-01-13 14:04:42',	'2019-01-13 09:04:42'),
('12',	'044',	5,	'ANTIOQUIA',	'ANZA',	'2019-01-13 14:04:42',	'2019-01-13 09:04:42'),
('120',	'873',	5,	'ANTIOQUIA',	'VIGIA DEL FUERTE',	'2019-01-13 14:04:42',	'2019-01-13 09:04:42'),
('121',	'885',	5,	'ANTIOQUIA',	'YALI',	'2019-01-13 14:04:42',	'2019-01-13 09:04:42'),
('122',	'887',	5,	'ANTIOQUIA',	'YARUMAL',	'2019-01-13 14:04:42',	'2019-01-13 09:04:42'),
('123',	'890',	5,	'ANTIOQUIA',	'YOLOMBO',	'2019-01-13 14:04:42',	'2019-01-13 09:04:42'),
('124',	'893',	5,	'ANTIOQUIA',	'YONDO',	'2019-01-13 14:04:42',	'2019-01-13 09:04:42'),
('125',	'895',	5,	'ANTIOQUIA',	'ZARAGOZA',	'2019-01-13 14:04:42',	'2019-01-13 09:04:42'),
('126',	'001',	8,	'ATLANTICO',	'BARRANQUILLA',	'2019-01-13 14:04:42',	'2019-01-13 09:04:42'),
('127',	'078',	8,	'ATLANTICO',	'BARANOA',	'2019-01-13 14:04:42',	'2019-01-13 09:04:42'),
('128',	'137',	8,	'ATLANTICO',	'CAMPO DE LA CRUZ',	'2019-01-13 14:04:42',	'2019-01-13 09:04:42'),
('129',	'141',	8,	'ATLANTICO',	'CANDELARIA',	'2019-01-13 14:04:42',	'2019-01-13 09:04:42'),
('13',	'045',	5,	'ANTIOQUIA',	'APARTADO',	'2019-01-13 14:04:42',	'2019-01-13 09:04:42'),
('130',	'296',	8,	'ATLANTICO',	'GALAPA',	'2019-01-13 14:04:42',	'2019-01-13 09:04:42'),
('131',	'372',	8,	'ATLANTICO',	'JUAN DE ACOSTA',	'2019-01-13 14:04:42',	'2019-01-13 09:04:42'),
('132',	'421',	8,	'ATLANTICO',	'LURUACO',	'2019-01-13 14:04:42',	'2019-01-13 09:04:42'),
('133',	'433',	8,	'ATLANTICO',	'MALAMBO',	'2019-01-13 14:04:42',	'2019-01-13 09:04:42'),
('134',	'436',	8,	'ATLANTICO',	'MANATI',	'2019-01-13 14:04:42',	'2019-01-13 09:04:42'),
('135',	'520',	8,	'ATLANTICO',	'PALMAR DE VARELA',	'2019-01-13 14:04:42',	'2019-01-13 09:04:42'),
('136',	'549',	8,	'ATLANTICO',	'PIOJO',	'2019-01-13 14:04:42',	'2019-01-13 09:04:42'),
('137',	'558',	8,	'ATLANTICO',	'POLONUEVO',	'2019-01-13 14:04:42',	'2019-01-13 09:04:42'),
('138',	'560',	8,	'ATLANTICO',	'PONEDERA',	'2019-01-13 14:04:42',	'2019-01-13 09:04:42'),
('139',	'573',	8,	'ATLANTICO',	'PUERTO COLOMBIA',	'2019-01-13 14:04:42',	'2019-01-13 09:04:42'),
('14',	'051',	5,	'ANTIOQUIA',	'ARBOLETES',	'2019-01-13 14:04:42',	'2019-01-13 09:04:42'),
('140',	'606',	8,	'ATLANTICO',	'REPELON',	'2019-01-13 14:04:42',	'2019-01-13 09:04:42'),
('141',	'634',	8,	'ATLANTICO',	'SABANAGRANDE',	'2019-01-13 14:04:42',	'2019-01-13 09:04:42'),
('142',	'638',	8,	'ATLANTICO',	'SABANALARGA',	'2019-01-13 14:04:42',	'2019-01-13 09:04:42'),
('143',	'675',	8,	'ATLANTICO',	'SANTA LUCIA',	'2019-01-13 14:04:42',	'2019-01-13 09:04:42'),
('144',	'685',	8,	'ATLANTICO',	'SANTO TOMAS',	'2019-01-13 14:04:42',	'2019-01-13 09:04:42'),
('145',	'758',	8,	'ATLANTICO',	'SOLEDAD',	'2019-01-13 14:04:42',	'2019-01-13 09:04:42'),
('146',	'770',	8,	'ATLANTICO',	'SUAN',	'2019-01-13 14:04:42',	'2019-01-13 09:04:42'),
('147',	'832',	8,	'ATLANTICO',	'TUBARA',	'2019-01-13 14:04:42',	'2019-01-13 09:04:42'),
('148',	'849',	8,	'ATLANTICO',	'USIACURI',	'2019-01-13 14:04:42',	'2019-01-13 09:04:42'),
('149',	'001',	11,	'BOGOTA',	'BOGOTA, D.C.',	'2019-01-13 14:04:42',	'2019-01-13 09:04:42'),
('15',	'055',	5,	'ANTIOQUIA',	'ARGELIA',	'2019-01-13 14:04:42',	'2019-01-13 09:04:42'),
('150',	'001',	13,	'BOLIVAR',	'CARTAGENA',	'2019-01-13 14:04:42',	'2019-01-13 09:04:42'),
('151',	'006',	13,	'BOLIVAR',	'ACHI',	'2019-01-13 14:04:42',	'2019-01-13 09:04:42'),
('152',	'030',	13,	'BOLIVAR',	'ALTOS DEL ROSARIO',	'2019-01-13 14:04:42',	'2019-01-13 09:04:42'),
('153',	'042',	13,	'BOLIVAR',	'ARENAL',	'2019-01-13 14:04:42',	'2019-01-13 09:04:42'),
('154',	'052',	13,	'BOLIVAR',	'ARJONA',	'2019-01-13 14:04:42',	'2019-01-13 09:04:42'),
('155',	'062',	13,	'BOLIVAR',	'ARROYOHONDO',	'2019-01-13 14:04:42',	'2019-01-13 09:04:42'),
('156',	'074',	13,	'BOLIVAR',	'BARRANCO DE LOBA',	'2019-01-13 14:04:42',	'2019-01-13 09:04:42'),
('157',	'140',	13,	'BOLIVAR',	'CALAMAR',	'2019-01-13 14:04:42',	'2019-01-13 09:04:42'),
('158',	'160',	13,	'BOLIVAR',	'CANTAGALLO',	'2019-01-13 14:04:42',	'2019-01-13 09:04:42'),
('159',	'188',	13,	'BOLIVAR',	'CICUCO',	'2019-01-13 14:04:42',	'2019-01-13 09:04:42'),
('16',	'059',	5,	'ANTIOQUIA',	'ARMENIA',	'2019-01-13 14:04:42',	'2019-01-13 09:04:42'),
('160',	'212',	13,	'BOLIVAR',	'CORDOBA',	'2019-01-13 14:04:42',	'2019-01-13 09:04:42'),
('161',	'222',	13,	'BOLIVAR',	'CLEMENCIA',	'2019-01-13 14:04:42',	'2019-01-13 09:04:42'),
('162',	'244',	13,	'BOLIVAR',	'EL CARMEN DE BOLIVAR',	'2019-01-13 14:04:42',	'2019-01-13 09:04:42'),
('163',	'248',	13,	'BOLIVAR',	'EL GUAMO',	'2019-01-13 14:04:42',	'2019-01-13 09:04:42'),
('164',	'268',	13,	'BOLIVAR',	'EL PE?ON',	'2019-01-13 14:04:42',	'2019-01-13 09:04:42'),
('165',	'300',	13,	'BOLIVAR',	'HATILLO DE LOBA',	'2019-01-13 14:04:42',	'2019-01-13 09:04:42'),
('166',	'430',	13,	'BOLIVAR',	'MAGANGUE',	'2019-01-13 14:04:42',	'2019-01-13 09:04:42'),
('167',	'433',	13,	'BOLIVAR',	'MAHATES',	'2019-01-13 14:04:42',	'2019-01-13 09:04:42'),
('168',	'440',	13,	'BOLIVAR',	'MARGARITA',	'2019-01-13 14:04:42',	'2019-01-13 09:04:42'),
('169',	'442',	13,	'BOLIVAR',	'MARIA LA BAJA',	'2019-01-13 14:04:42',	'2019-01-13 09:04:42'),
('17',	'079',	5,	'ANTIOQUIA',	'BARBOSA',	'2019-01-13 14:04:42',	'2019-01-13 09:04:42'),
('170',	'458',	13,	'BOLIVAR',	'MONTECRISTO',	'2019-01-13 14:04:42',	'2019-01-13 09:04:42'),
('171',	'468',	13,	'BOLIVAR',	'MOMPOS',	'2019-01-13 14:04:42',	'2019-01-13 09:04:42'),
('172',	'490',	13,	'BOLIVAR',	'NOROSI',	'2019-01-13 14:04:42',	'2019-01-13 09:04:42'),
('173',	'473',	13,	'BOLIVAR',	'MORALES',	'2019-01-13 14:04:42',	'2019-01-13 09:04:42'),
('174',	'549',	13,	'BOLIVAR',	'PINILLOS',	'2019-01-13 14:04:42',	'2019-01-13 09:04:42'),
('175',	'580',	13,	'BOLIVAR',	'REGIDOR',	'2019-01-13 14:04:42',	'2019-01-13 09:04:42'),
('176',	'600',	13,	'BOLIVAR',	'RIO VIEJO',	'2019-01-13 14:04:42',	'2019-01-13 09:04:42'),
('177',	'620',	13,	'BOLIVAR',	'SAN CRISTOBAL',	'2019-01-13 14:04:42',	'2019-01-13 09:04:42'),
('178',	'647',	13,	'BOLIVAR',	'SAN ESTANISLAO',	'2019-01-13 14:04:42',	'2019-01-13 09:04:42'),
('179',	'650',	13,	'BOLIVAR',	'SAN FERNANDO',	'2019-01-13 14:04:42',	'2019-01-13 09:04:42'),
('18',	'086',	5,	'ANTIOQUIA',	'BELMIRA',	'2019-01-13 14:04:42',	'2019-01-13 09:04:42'),
('180',	'654',	13,	'BOLIVAR',	'SAN JACINTO',	'2019-01-13 14:04:42',	'2019-01-13 09:04:42'),
('181',	'655',	13,	'BOLIVAR',	'SAN JACINTO DEL CAUCA',	'2019-01-13 14:04:42',	'2019-01-13 09:04:42'),
('182',	'657',	13,	'BOLIVAR',	'SAN JUAN NEPOMUCENO',	'2019-01-13 14:04:42',	'2019-01-13 09:04:42'),
('183',	'667',	13,	'BOLIVAR',	'SAN MARTIN DE LOBA',	'2019-01-13 14:04:42',	'2019-01-13 09:04:42'),
('184',	'670',	13,	'BOLIVAR',	'SAN PABLO',	'2019-01-13 14:04:42',	'2019-01-13 09:04:42'),
('185',	'673',	13,	'BOLIVAR',	'SANTA CATALINA',	'2019-01-13 14:04:42',	'2019-01-13 09:04:42'),
('186',	'683',	13,	'BOLIVAR',	'SANTA ROSA',	'2019-01-13 14:04:42',	'2019-01-13 09:04:42'),
('187',	'688',	13,	'BOLIVAR',	'SANTA ROSA DEL SUR',	'2019-01-13 14:04:42',	'2019-01-13 09:04:42'),
('188',	'744',	13,	'BOLIVAR',	'SIMITI',	'2019-01-13 14:04:42',	'2019-01-13 09:04:42'),
('189',	'760',	13,	'BOLIVAR',	'SOPLAVIENTO',	'2019-01-13 14:04:42',	'2019-01-13 09:04:42'),
('19',	'088',	5,	'ANTIOQUIA',	'BELLO',	'2019-01-13 14:04:42',	'2019-01-13 09:04:42'),
('190',	'780',	13,	'BOLIVAR',	'TALAIGUA NUEVO',	'2019-01-13 14:04:42',	'2019-01-13 09:04:42'),
('191',	'810',	13,	'BOLIVAR',	'TIQUISIO',	'2019-01-13 14:04:42',	'2019-01-13 09:04:42'),
('192',	'836',	13,	'BOLIVAR',	'TURBACO',	'2019-01-13 14:04:42',	'2019-01-13 09:04:42'),
('193',	'838',	13,	'BOLIVAR',	'TURBANA',	'2019-01-13 14:04:42',	'2019-01-13 09:04:42'),
('194',	'873',	13,	'BOLIVAR',	'VILLANUEVA',	'2019-01-13 14:04:42',	'2019-01-13 09:04:42'),
('195',	'894',	13,	'BOLIVAR',	'ZAMBRANO',	'2019-01-13 14:04:42',	'2019-01-13 09:04:42'),
('196',	'001',	15,	'BOYACA',	'TUNJA',	'2019-01-13 14:04:42',	'2019-01-13 09:04:42'),
('197',	'022',	15,	'BOYACA',	'ALMEIDA',	'2019-01-13 14:04:42',	'2019-01-13 09:04:42'),
('198',	'047',	15,	'BOYACA',	'AQUITANIA',	'2019-01-13 14:04:42',	'2019-01-13 09:04:42'),
('199',	'051',	15,	'BOYACA',	'ARCABUCO',	'2019-01-13 14:04:42',	'2019-01-13 09:04:42'),
('2',	'002',	5,	'ANTIOQUIA',	'ABEJORRAL',	'2019-01-13 14:04:42',	'2019-01-13 09:04:42'),
('20',	'091',	5,	'ANTIOQUIA',	'BETANIA',	'2019-01-13 14:04:42',	'2019-01-13 09:04:42'),
('200',	'087',	15,	'BOYACA',	'BELEN',	'2019-01-13 14:04:42',	'2019-01-13 09:04:42'),
('201',	'090',	15,	'BOYACA',	'BERBEO',	'2019-01-13 14:04:42',	'2019-01-13 09:04:42'),
('202',	'092',	15,	'BOYACA',	'BETEITIVA',	'2019-01-13 14:04:42',	'2019-01-13 09:04:42'),
('203',	'097',	15,	'BOYACA',	'BOAVITA',	'2019-01-13 14:04:42',	'2019-01-13 09:04:42'),
('204',	'104',	15,	'BOYACA',	'BOYACA',	'2019-01-13 14:04:42',	'2019-01-13 09:04:42'),
('205',	'106',	15,	'BOYACA',	'BRICE?O',	'2019-01-13 14:04:42',	'2019-01-13 09:04:42'),
('206',	'109',	15,	'BOYACA',	'BUENAVISTA',	'2019-01-13 14:04:42',	'2019-01-13 09:04:42'),
('207',	'114',	15,	'BOYACA',	'BUSBANZA',	'2019-01-13 14:04:42',	'2019-01-13 09:04:42'),
('208',	'131',	15,	'BOYACA',	'CALDAS',	'2019-01-13 14:04:42',	'2019-01-13 09:04:42'),
('209',	'135',	15,	'BOYACA',	'CAMPOHERMOSO',	'2019-01-13 14:04:42',	'2019-01-13 09:04:42'),
('21',	'093',	5,	'ANTIOQUIA',	'BETULIA',	'2019-01-13 14:04:42',	'2019-01-13 09:04:42'),
('210',	'162',	15,	'BOYACA',	'CERINZA',	'2019-01-13 14:04:42',	'2019-01-13 09:04:42'),
('211',	'172',	15,	'BOYACA',	'CHINAVITA',	'2019-01-13 14:04:42',	'2019-01-13 09:04:42'),
('212',	'176',	15,	'BOYACA',	'CHIQUINQUIRA',	'2019-01-13 14:04:42',	'2019-01-13 09:04:42'),
('213',	'180',	15,	'BOYACA',	'CHISCAS',	'2019-01-13 14:04:42',	'2019-01-13 09:04:42'),
('214',	'183',	15,	'BOYACA',	'CHITA',	'2019-01-13 14:04:42',	'2019-01-13 09:04:42'),
('215',	'185',	15,	'BOYACA',	'CHITARAQUE',	'2019-01-13 14:04:42',	'2019-01-13 09:04:42'),
('216',	'187',	15,	'BOYACA',	'CHIVATA',	'2019-01-13 14:04:42',	'2019-01-13 09:04:42'),
('217',	'189',	15,	'BOYACA',	'CIENEGA',	'2019-01-13 14:04:42',	'2019-01-13 09:04:42'),
('218',	'204',	15,	'BOYACA',	'COMBITA',	'2019-01-13 14:04:42',	'2019-01-13 09:04:42'),
('219',	'212',	15,	'BOYACA',	'COPER',	'2019-01-13 14:04:42',	'2019-01-13 09:04:42'),
('22',	'101',	5,	'ANTIOQUIA',	'CIUDAD BOLIVAR',	'2019-01-13 14:04:42',	'2019-01-13 09:04:42'),
('220',	'215',	15,	'BOYACA',	'CORRALES',	'2019-01-13 14:04:42',	'2019-01-13 09:04:42'),
('221',	'218',	15,	'BOYACA',	'COVARACHIA',	'2019-01-13 14:04:42',	'2019-01-13 09:04:42'),
('222',	'223',	15,	'BOYACA',	'CUBARA',	'2019-01-13 14:04:42',	'2019-01-13 09:04:42'),
('223',	'224',	15,	'BOYACA',	'CUCAITA',	'2019-01-13 14:04:42',	'2019-01-13 09:04:42'),
('224',	'226',	15,	'BOYACA',	'CUITIVA',	'2019-01-13 14:04:42',	'2019-01-13 09:04:42'),
('225',	'232',	15,	'BOYACA',	'CHIQUIZA',	'2019-01-13 14:04:42',	'2019-01-13 09:04:42'),
('226',	'236',	15,	'BOYACA',	'CHIVOR',	'2019-01-13 14:04:42',	'2019-01-13 09:04:42'),
('227',	'238',	15,	'BOYACA',	'DUITAMA',	'2019-01-13 14:04:42',	'2019-01-13 09:04:42'),
('228',	'244',	15,	'BOYACA',	'EL COCUY',	'2019-01-13 14:04:42',	'2019-01-13 09:04:42'),
('229',	'248',	15,	'BOYACA',	'EL ESPINO',	'2019-01-13 14:04:42',	'2019-01-13 09:04:42'),
('23',	'107',	5,	'ANTIOQUIA',	'BRICE?O',	'2019-01-13 14:04:42',	'2019-01-13 09:04:42'),
('230',	'272',	15,	'BOYACA',	'FIRAVITOBA',	'2019-01-13 14:04:42',	'2019-01-13 09:04:42'),
('231',	'276',	15,	'BOYACA',	'FLORESTA',	'2019-01-13 14:04:42',	'2019-01-13 09:04:42'),
('232',	'293',	15,	'BOYACA',	'GACHANTIVA',	'2019-01-13 14:04:42',	'2019-01-13 09:04:42'),
('233',	'296',	15,	'BOYACA',	'GAMEZA',	'2019-01-13 14:04:42',	'2019-01-13 09:04:42'),
('234',	'299',	15,	'BOYACA',	'GARAGOA',	'2019-01-13 14:04:42',	'2019-01-13 09:04:42'),
('235',	'317',	15,	'BOYACA',	'GUACAMAYAS',	'2019-01-13 14:04:42',	'2019-01-13 09:04:42'),
('236',	'322',	15,	'BOYACA',	'GUATEQUE',	'2019-01-13 14:04:42',	'2019-01-13 09:04:42'),
('237',	'325',	15,	'BOYACA',	'GUAYATA',	'2019-01-13 14:04:42',	'2019-01-13 09:04:42'),
('238',	'332',	15,	'BOYACA',	'GsICAN',	'2019-01-13 14:04:42',	'2019-01-13 09:04:42'),
('239',	'362',	15,	'BOYACA',	'IZA',	'2019-01-13 14:04:42',	'2019-01-13 09:04:42'),
('24',	'113',	5,	'ANTIOQUIA',	'BURITICA',	'2019-01-13 14:04:42',	'2019-01-13 09:04:42'),
('240',	'367',	15,	'BOYACA',	'JENESANO',	'2019-01-13 14:04:42',	'2019-01-13 09:04:42'),
('241',	'368',	15,	'BOYACA',	'JERICO',	'2019-01-13 14:04:42',	'2019-01-13 09:04:42'),
('242',	'377',	15,	'BOYACA',	'LABRANZAGRANDE',	'2019-01-13 14:04:42',	'2019-01-13 09:04:42'),
('243',	'380',	15,	'BOYACA',	'LA CAPILLA',	'2019-01-13 14:04:42',	'2019-01-13 09:04:42'),
('244',	'401',	15,	'BOYACA',	'LA VICTORIA',	'2019-01-13 14:04:42',	'2019-01-13 09:04:42'),
('245',	'403',	15,	'BOYACA',	'LA UVITA',	'2019-01-13 14:04:42',	'2019-01-13 09:04:42'),
('246',	'407',	15,	'BOYACA',	'VILLA DE LEYVA',	'2019-01-13 14:04:42',	'2019-01-13 09:04:42'),
('247',	'425',	15,	'BOYACA',	'MACANAL',	'2019-01-13 14:04:42',	'2019-01-13 09:04:42'),
('248',	'442',	15,	'BOYACA',	'MARIPI',	'2019-01-13 14:04:42',	'2019-01-13 09:04:42'),
('249',	'455',	15,	'BOYACA',	'MIRAFLORES',	'2019-01-13 14:04:42',	'2019-01-13 09:04:42'),
('25',	'120',	5,	'ANTIOQUIA',	'CACERES',	'2019-01-13 14:04:42',	'2019-01-13 09:04:42'),
('250',	'464',	15,	'BOYACA',	'MONGUA',	'2019-01-13 14:04:42',	'2019-01-13 09:04:42'),
('251',	'466',	15,	'BOYACA',	'MONGUI',	'2019-01-13 14:04:42',	'2019-01-13 09:04:42'),
('252',	'469',	15,	'BOYACA',	'MONIQUIRA',	'2019-01-13 14:04:42',	'2019-01-13 09:04:42'),
('253',	'476',	15,	'BOYACA',	'MOTAVITA',	'2019-01-13 14:04:42',	'2019-01-13 09:04:42'),
('254',	'480',	15,	'BOYACA',	'MUZO',	'2019-01-13 14:04:42',	'2019-01-13 09:04:42'),
('255',	'491',	15,	'BOYACA',	'NOBSA',	'2019-01-13 14:04:42',	'2019-01-13 09:04:42'),
('256',	'494',	15,	'BOYACA',	'NUEVO COLON',	'2019-01-13 14:04:42',	'2019-01-13 09:04:42'),
('257',	'500',	15,	'BOYACA',	'OICATA',	'2019-01-13 14:04:42',	'2019-01-13 09:04:42'),
('258',	'507',	15,	'BOYACA',	'OTANCHE',	'2019-01-13 14:04:42',	'2019-01-13 09:04:42'),
('259',	'511',	15,	'BOYACA',	'PACHAVITA',	'2019-01-13 14:04:42',	'2019-01-13 09:04:42'),
('26',	'125',	5,	'ANTIOQUIA',	'CAICEDO',	'2019-01-13 14:04:42',	'2019-01-13 09:04:42'),
('260',	'514',	15,	'BOYACA',	'PAEZ',	'2019-01-13 14:04:42',	'2019-01-13 09:04:42'),
('261',	'516',	15,	'BOYACA',	'PAIPA',	'2019-01-13 14:04:42',	'2019-01-13 09:04:42'),
('262',	'518',	15,	'BOYACA',	'PAJARITO',	'2019-01-13 14:04:42',	'2019-01-13 09:04:42'),
('263',	'522',	15,	'BOYACA',	'PANQUEBA',	'2019-01-13 14:04:42',	'2019-01-13 09:04:42'),
('264',	'531',	15,	'BOYACA',	'PAUNA',	'2019-01-13 14:04:42',	'2019-01-13 09:04:42'),
('265',	'533',	15,	'BOYACA',	'PAYA',	'2019-01-13 14:04:42',	'2019-01-13 09:04:42'),
('266',	'537',	15,	'BOYACA',	'PAZ DE RIO',	'2019-01-13 14:04:42',	'2019-01-13 09:04:42'),
('267',	'542',	15,	'BOYACA',	'PESCA',	'2019-01-13 14:04:42',	'2019-01-13 09:04:42'),
('268',	'550',	15,	'BOYACA',	'PISBA',	'2019-01-13 14:04:42',	'2019-01-13 09:04:42'),
('269',	'572',	15,	'BOYACA',	'PUERTO BOYACA',	'2019-01-13 14:04:42',	'2019-01-13 09:04:42'),
('27',	'129',	5,	'ANTIOQUIA',	'CALDAS',	'2019-01-13 14:04:42',	'2019-01-13 09:04:42'),
('270',	'580',	15,	'BOYACA',	'QUIPAMA',	'2019-01-13 14:04:42',	'2019-01-13 09:04:42'),
('271',	'599',	15,	'BOYACA',	'RAMIRIQUI',	'2019-01-13 14:04:42',	'2019-01-13 09:04:42'),
('272',	'600',	15,	'BOYACA',	'RAQUIRA',	'2019-01-13 14:04:42',	'2019-01-13 09:04:42'),
('273',	'621',	15,	'BOYACA',	'RONDON',	'2019-01-13 14:04:42',	'2019-01-13 09:04:42'),
('274',	'632',	15,	'BOYACA',	'SABOYA',	'2019-01-13 14:04:42',	'2019-01-13 09:04:42'),
('275',	'638',	15,	'BOYACA',	'SACHICA',	'2019-01-13 14:04:42',	'2019-01-13 09:04:42'),
('276',	'646',	15,	'BOYACA',	'SAMACA',	'2019-01-13 14:04:42',	'2019-01-13 09:04:42'),
('277',	'660',	15,	'BOYACA',	'SAN EDUARDO',	'2019-01-13 14:04:42',	'2019-01-13 09:04:42'),
('278',	'664',	15,	'BOYACA',	'SAN JOSE DE PARE',	'2019-01-13 14:04:42',	'2019-01-13 09:04:42'),
('279',	'667',	15,	'BOYACA',	'SAN LUIS DE GACENO',	'2019-01-13 14:04:42',	'2019-01-13 09:04:42'),
('28',	'134',	5,	'ANTIOQUIA',	'CAMPAMENTO',	'2019-01-13 14:04:42',	'2019-01-13 09:04:42'),
('280',	'673',	15,	'BOYACA',	'SAN MATEO',	'2019-01-13 14:04:42',	'2019-01-13 09:04:42'),
('281',	'676',	15,	'BOYACA',	'SAN MIGUEL DE SEMA',	'2019-01-13 14:04:42',	'2019-01-13 09:04:42'),
('282',	'681',	15,	'BOYACA',	'SAN PABLO DE BORBUR',	'2019-01-13 14:04:42',	'2019-01-13 09:04:42'),
('283',	'686',	15,	'BOYACA',	'SANTANA',	'2019-01-13 14:04:42',	'2019-01-13 09:04:42'),
('284',	'690',	15,	'BOYACA',	'SANTA MARIA',	'2019-01-13 14:04:42',	'2019-01-13 09:04:42'),
('285',	'693',	15,	'BOYACA',	'SANTA ROSA DE VITERBO',	'2019-01-13 14:04:42',	'2019-01-13 09:04:42'),
('286',	'696',	15,	'BOYACA',	'SANTA SOFIA',	'2019-01-13 14:04:42',	'2019-01-13 09:04:42'),
('287',	'720',	15,	'BOYACA',	'SATIVANORTE',	'2019-01-13 14:04:42',	'2019-01-13 09:04:42'),
('288',	'723',	15,	'BOYACA',	'SATIVASUR',	'2019-01-13 14:04:42',	'2019-01-13 09:04:42'),
('289',	'740',	15,	'BOYACA',	'SIACHOQUE',	'2019-01-13 14:04:42',	'2019-01-13 09:04:42'),
('29',	'138',	5,	'ANTIOQUIA',	'CA?ASGORDAS',	'2019-01-13 14:04:42',	'2019-01-13 09:04:42'),
('290',	'753',	15,	'BOYACA',	'SOATA',	'2019-01-13 14:04:42',	'2019-01-13 09:04:42'),
('291',	'755',	15,	'BOYACA',	'SOCOTA',	'2019-01-13 14:04:42',	'2019-01-13 09:04:42'),
('292',	'757',	15,	'BOYACA',	'SOCHA',	'2019-01-13 14:04:42',	'2019-01-13 09:04:42'),
('293',	'759',	15,	'BOYACA',	'SOGAMOSO',	'2019-01-13 14:04:42',	'2019-01-13 09:04:42'),
('294',	'761',	15,	'BOYACA',	'SOMONDOCO',	'2019-01-13 14:04:42',	'2019-01-13 09:04:42'),
('295',	'762',	15,	'BOYACA',	'SORA',	'2019-01-13 14:04:42',	'2019-01-13 09:04:42'),
('296',	'763',	15,	'BOYACA',	'SOTAQUIRA',	'2019-01-13 14:04:42',	'2019-01-13 09:04:42'),
('297',	'764',	15,	'BOYACA',	'SORACA',	'2019-01-13 14:04:42',	'2019-01-13 09:04:42'),
('298',	'774',	15,	'BOYACA',	'SUSACON',	'2019-01-13 14:04:42',	'2019-01-13 09:04:42'),
('299',	'776',	15,	'BOYACA',	'SUTAMARCHAN',	'2019-01-13 14:04:42',	'2019-01-13 09:04:42'),
('3',	'004',	5,	'ANTIOQUIA',	'ABRIAQUI',	'2019-01-13 14:04:42',	'2019-01-13 09:04:42'),
('30',	'142',	5,	'ANTIOQUIA',	'CARACOLI',	'2019-01-13 14:04:42',	'2019-01-13 09:04:42'),
('300',	'778',	15,	'BOYACA',	'SUTATENZA',	'2019-01-13 14:04:42',	'2019-01-13 09:04:42'),
('301',	'790',	15,	'BOYACA',	'TASCO',	'2019-01-13 14:04:42',	'2019-01-13 09:04:42'),
('302',	'798',	15,	'BOYACA',	'TENZA',	'2019-01-13 14:04:42',	'2019-01-13 09:04:42'),
('303',	'804',	15,	'BOYACA',	'TIBANA',	'2019-01-13 14:04:42',	'2019-01-13 09:04:42'),
('304',	'806',	15,	'BOYACA',	'TIBASOSA',	'2019-01-13 14:04:42',	'2019-01-13 09:04:42'),
('305',	'808',	15,	'BOYACA',	'TINJACA',	'2019-01-13 14:04:42',	'2019-01-13 09:04:42'),
('306',	'810',	15,	'BOYACA',	'TIPACOQUE',	'2019-01-13 14:04:42',	'2019-01-13 09:04:42'),
('307',	'814',	15,	'BOYACA',	'TOCA',	'2019-01-13 14:04:42',	'2019-01-13 09:04:42'),
('308',	'816',	15,	'BOYACA',	'TOGsI',	'2019-01-13 14:04:42',	'2019-01-13 09:04:42'),
('309',	'820',	15,	'BOYACA',	'TOPAGA',	'2019-01-13 14:04:42',	'2019-01-13 09:04:42'),
('31',	'145',	5,	'ANTIOQUIA',	'CARAMANTA',	'2019-01-13 14:04:42',	'2019-01-13 09:04:42'),
('310',	'822',	15,	'BOYACA',	'TOTA',	'2019-01-13 14:04:42',	'2019-01-13 09:04:42'),
('311',	'832',	15,	'BOYACA',	'TUNUNGUA',	'2019-01-13 14:04:42',	'2019-01-13 09:04:42'),
('312',	'835',	15,	'BOYACA',	'TURMEQUE',	'2019-01-13 14:04:42',	'2019-01-13 09:04:42'),
('313',	'837',	15,	'BOYACA',	'TUTA',	'2019-01-13 14:04:42',	'2019-01-13 09:04:42'),
('314',	'839',	15,	'BOYACA',	'TUTAZA',	'2019-01-13 14:04:42',	'2019-01-13 09:04:42'),
('315',	'842',	15,	'BOYACA',	'UMBITA',	'2019-01-13 14:04:42',	'2019-01-13 09:04:42'),
('316',	'861',	15,	'BOYACA',	'VENTAQUEMADA',	'2019-01-13 14:04:42',	'2019-01-13 09:04:42'),
('317',	'879',	15,	'BOYACA',	'VIRACACHA',	'2019-01-13 14:04:42',	'2019-01-13 09:04:42'),
('318',	'897',	15,	'BOYACA',	'ZETAQUIRA',	'2019-01-13 14:04:42',	'2019-01-13 09:04:42'),
('319',	'001',	17,	'CALDAS',	'MANIZALES',	'2019-01-13 14:04:42',	'2019-01-13 09:04:42'),
('32',	'147',	5,	'ANTIOQUIA',	'CAREPA',	'2019-01-13 14:04:42',	'2019-01-13 09:04:42'),
('320',	'013',	17,	'CALDAS',	'AGUADAS',	'2019-01-13 14:04:42',	'2019-01-13 09:04:42'),
('321',	'042',	17,	'CALDAS',	'ANSERMA',	'2019-01-13 14:04:42',	'2019-01-13 09:04:42'),
('322',	'050',	17,	'CALDAS',	'ARANZAZU',	'2019-01-13 14:04:42',	'2019-01-13 09:04:42'),
('323',	'088',	17,	'CALDAS',	'BELALCAZAR',	'2019-01-13 14:04:42',	'2019-01-13 09:04:42'),
('324',	'174',	17,	'CALDAS',	'CHINCHINA',	'2019-01-13 14:04:42',	'2019-01-13 09:04:42'),
('325',	'272',	17,	'CALDAS',	'FILADELFIA',	'2019-01-13 14:04:42',	'2019-01-13 09:04:42'),
('326',	'380',	17,	'CALDAS',	'LA DORADA',	'2019-01-13 14:04:42',	'2019-01-13 09:04:42'),
('327',	'388',	17,	'CALDAS',	'LA MERCED',	'2019-01-13 14:04:42',	'2019-01-13 09:04:42'),
('328',	'433',	17,	'CALDAS',	'MANZANARES',	'2019-01-13 14:04:42',	'2019-01-13 09:04:42'),
('329',	'442',	17,	'CALDAS',	'MARMATO',	'2019-01-13 14:04:42',	'2019-01-13 09:04:42'),
('33',	'148',	5,	'ANTIOQUIA',	'EL CARMEN DE VIBORAL',	'2019-01-13 14:04:42',	'2019-01-13 09:04:42'),
('330',	'444',	17,	'CALDAS',	'MARQUETALIA',	'2019-01-13 14:04:42',	'2019-01-13 09:04:42'),
('331',	'446',	17,	'CALDAS',	'MARULANDA',	'2019-01-13 14:04:42',	'2019-01-13 09:04:42'),
('332',	'486',	17,	'CALDAS',	'NEIRA',	'2019-01-13 14:04:42',	'2019-01-13 09:04:42'),
('333',	'495',	17,	'CALDAS',	'NORCASIA',	'2019-01-13 14:04:42',	'2019-01-13 09:04:42'),
('334',	'513',	17,	'CALDAS',	'PACORA',	'2019-01-13 14:04:42',	'2019-01-13 09:04:42'),
('335',	'524',	17,	'CALDAS',	'PALESTINA',	'2019-01-13 14:04:42',	'2019-01-13 09:04:42'),
('336',	'541',	17,	'CALDAS',	'PENSILVANIA',	'2019-01-13 14:04:42',	'2019-01-13 09:04:42'),
('337',	'614',	17,	'CALDAS',	'RIOSUCIO',	'2019-01-13 14:04:42',	'2019-01-13 09:04:42'),
('338',	'616',	17,	'CALDAS',	'RISARALDA',	'2019-01-13 14:04:42',	'2019-01-13 09:04:42'),
('339',	'653',	17,	'CALDAS',	'SALAMINA',	'2019-01-13 14:04:42',	'2019-01-13 09:04:42'),
('34',	'150',	5,	'ANTIOQUIA',	'CAROLINA',	'2019-01-13 14:04:42',	'2019-01-13 09:04:42'),
('340',	'662',	17,	'CALDAS',	'SAMANA',	'2019-01-13 14:04:42',	'2019-01-13 09:04:42'),
('341',	'665',	17,	'CALDAS',	'SAN JOSE',	'2019-01-13 14:04:42',	'2019-01-13 09:04:42'),
('342',	'777',	17,	'CALDAS',	'SUPIA',	'2019-01-13 14:04:42',	'2019-01-13 09:04:42'),
('343',	'867',	17,	'CALDAS',	'VICTORIA',	'2019-01-13 14:04:42',	'2019-01-13 09:04:42'),
('344',	'873',	17,	'CALDAS',	'VILLAMARIA',	'2019-01-13 14:04:42',	'2019-01-13 09:04:42'),
('345',	'877',	17,	'CALDAS',	'VITERBO',	'2019-01-13 14:04:42',	'2019-01-13 09:04:42'),
('346',	'001',	18,	'CAQUETA',	'FLORENCIA',	'2019-01-13 14:04:42',	'2019-01-13 09:04:42'),
('347',	'029',	18,	'CAQUETA',	'ALBANIA',	'2019-01-13 14:04:42',	'2019-01-13 09:04:42'),
('348',	'094',	18,	'CAQUETA',	'BELEN DE LOS ANDAQUIES',	'2019-01-13 14:04:42',	'2019-01-13 09:04:42'),
('349',	'150',	18,	'CAQUETA',	'CARTAGENA DEL CHAIRA',	'2019-01-13 14:04:42',	'2019-01-13 09:04:42'),
('35',	'154',	5,	'ANTIOQUIA',	'CAUCASIA',	'2019-01-13 14:04:42',	'2019-01-13 09:04:42'),
('350',	'205',	18,	'CAQUETA',	'CURILLO',	'2019-01-13 14:04:42',	'2019-01-13 09:04:42'),
('351',	'247',	18,	'CAQUETA',	'EL DONCELLO',	'2019-01-13 14:04:42',	'2019-01-13 09:04:42'),
('352',	'256',	18,	'CAQUETA',	'EL PAUJIL',	'2019-01-13 14:04:42',	'2019-01-13 09:04:42'),
('353',	'410',	18,	'CAQUETA',	'LA MONTA?ITA',	'2019-01-13 14:04:42',	'2019-01-13 09:04:42'),
('354',	'460',	18,	'CAQUETA',	'MILAN',	'2019-01-13 14:04:42',	'2019-01-13 09:04:42'),
('355',	'479',	18,	'CAQUETA',	'MORELIA',	'2019-01-13 14:04:42',	'2019-01-13 09:04:42'),
('356',	'592',	18,	'CAQUETA',	'PUERTO RICO',	'2019-01-13 14:04:42',	'2019-01-13 09:04:42'),
('357',	'610',	18,	'CAQUETA',	'SAN JOSE DEL FRAGUA',	'2019-01-13 14:04:42',	'2019-01-13 09:04:42'),
('358',	'753',	18,	'CAQUETA',	'SAN VICENTE DEL CAGUAN',	'2019-01-13 14:04:42',	'2019-01-13 09:04:42'),
('359',	'756',	18,	'CAQUETA',	'SOLANO',	'2019-01-13 14:04:42',	'2019-01-13 09:04:42'),
('36',	'172',	5,	'ANTIOQUIA',	'CHIGORODO',	'2019-01-13 14:04:42',	'2019-01-13 09:04:42'),
('360',	'785',	18,	'CAQUETA',	'SOLITA',	'2019-01-13 14:04:42',	'2019-01-13 09:04:42'),
('361',	'860',	18,	'CAQUETA',	'VALPARAISO',	'2019-01-13 14:04:42',	'2019-01-13 09:04:42'),
('362',	'001',	19,	'CAUCA',	'POPAYAN',	'2019-01-13 14:04:42',	'2019-01-13 09:04:42'),
('363',	'022',	19,	'CAUCA',	'ALMAGUER',	'2019-01-13 14:04:42',	'2019-01-13 09:04:42'),
('364',	'050',	19,	'CAUCA',	'ARGELIA',	'2019-01-13 14:04:42',	'2019-01-13 09:04:42'),
('365',	'075',	19,	'CAUCA',	'BALBOA',	'2019-01-13 14:04:42',	'2019-01-13 09:04:42'),
('366',	'100',	19,	'CAUCA',	'BOLIVAR',	'2019-01-13 14:04:42',	'2019-01-13 09:04:42'),
('367',	'110',	19,	'CAUCA',	'BUENOS AIRES',	'2019-01-13 14:04:42',	'2019-01-13 09:04:42'),
('368',	'130',	19,	'CAUCA',	'CAJIBIO',	'2019-01-13 14:04:42',	'2019-01-13 09:04:42'),
('369',	'137',	19,	'CAUCA',	'CALDONO',	'2019-01-13 14:04:42',	'2019-01-13 09:04:42'),
('37',	'190',	5,	'ANTIOQUIA',	'CISNEROS',	'2019-01-13 14:04:42',	'2019-01-13 09:04:42'),
('370',	'142',	19,	'CAUCA',	'CALOTO',	'2019-01-13 14:04:42',	'2019-01-13 09:04:42'),
('371',	'212',	19,	'CAUCA',	'CORINTO',	'2019-01-13 14:04:42',	'2019-01-13 09:04:42'),
('372',	'256',	19,	'CAUCA',	'EL TAMBO',	'2019-01-13 14:04:42',	'2019-01-13 09:04:42'),
('373',	'290',	19,	'CAUCA',	'FLORENCIA',	'2019-01-13 14:04:42',	'2019-01-13 09:04:42'),
('374',	'300',	19,	'CAUCA',	'GUACHENE',	'2019-01-13 14:04:42',	'2019-01-13 09:04:42'),
('375',	'318',	19,	'CAUCA',	'GUAPI',	'2019-01-13 14:04:42',	'2019-01-13 09:04:42'),
('376',	'355',	19,	'CAUCA',	'INZA',	'2019-01-13 14:04:42',	'2019-01-13 09:04:42'),
('377',	'364',	19,	'CAUCA',	'JAMBALO',	'2019-01-13 14:04:42',	'2019-01-13 09:04:42'),
('378',	'392',	19,	'CAUCA',	'LA SIERRA',	'2019-01-13 14:04:42',	'2019-01-13 09:04:42'),
('379',	'397',	19,	'CAUCA',	'LA VEGA',	'2019-01-13 14:04:42',	'2019-01-13 09:04:42'),
('38',	'197',	5,	'ANTIOQUIA',	'COCORNA',	'2019-01-13 14:04:42',	'2019-01-13 09:04:42'),
('380',	'418',	19,	'CAUCA',	'LOPEZ',	'2019-01-13 14:04:42',	'2019-01-13 09:04:42'),
('381',	'450',	19,	'CAUCA',	'MERCADERES',	'2019-01-13 14:04:42',	'2019-01-13 09:04:42'),
('382',	'455',	19,	'CAUCA',	'MIRANDA',	'2019-01-13 14:04:42',	'2019-01-13 09:04:42'),
('383',	'473',	19,	'CAUCA',	'MORALES',	'2019-01-13 14:04:42',	'2019-01-13 09:04:42'),
('384',	'513',	19,	'CAUCA',	'PADILLA',	'2019-01-13 14:04:42',	'2019-01-13 09:04:42'),
('385',	'517',	19,	'CAUCA',	'PAEZ',	'2019-01-13 14:04:42',	'2019-01-13 09:04:42'),
('386',	'532',	19,	'CAUCA',	'PATIA',	'2019-01-13 14:04:42',	'2019-01-13 09:04:42'),
('387',	'533',	19,	'CAUCA',	'PIAMONTE',	'2019-01-13 14:04:42',	'2019-01-13 09:04:42'),
('388',	'548',	19,	'CAUCA',	'PIENDAMO',	'2019-01-13 14:04:42',	'2019-01-13 09:04:42'),
('389',	'573',	19,	'CAUCA',	'PUERTO TEJADA',	'2019-01-13 14:04:42',	'2019-01-13 09:04:42'),
('39',	'206',	5,	'ANTIOQUIA',	'CONCEPCION',	'2019-01-13 14:04:42',	'2019-01-13 09:04:42'),
('390',	'585',	19,	'CAUCA',	'PURACE',	'2019-01-13 14:04:42',	'2019-01-13 09:04:42'),
('391',	'622',	19,	'CAUCA',	'ROSAS',	'2019-01-13 14:04:42',	'2019-01-13 09:04:42'),
('392',	'693',	19,	'CAUCA',	'SAN SEBASTIAN',	'2019-01-13 14:04:42',	'2019-01-13 09:04:42'),
('393',	'698',	19,	'CAUCA',	'SANTANDER DE QUILICHAO',	'2019-01-13 14:04:42',	'2019-01-13 09:04:42'),
('394',	'701',	19,	'CAUCA',	'SANTA ROSA',	'2019-01-13 14:04:42',	'2019-01-13 09:04:42'),
('395',	'743',	19,	'CAUCA',	'SILVIA',	'2019-01-13 14:04:42',	'2019-01-13 09:04:42'),
('396',	'760',	19,	'CAUCA',	'SOTARA',	'2019-01-13 14:04:42',	'2019-01-13 09:04:42'),
('397',	'780',	19,	'CAUCA',	'SUAREZ',	'2019-01-13 14:04:42',	'2019-01-13 09:04:42'),
('398',	'785',	19,	'CAUCA',	'SUCRE',	'2019-01-13 14:04:42',	'2019-01-13 09:04:42'),
('399',	'807',	19,	'CAUCA',	'TIMBIO',	'2019-01-13 14:04:42',	'2019-01-13 09:04:42'),
('4',	'021',	5,	'ANTIOQUIA',	'ALEJANDRIA',	'2019-01-13 14:04:42',	'2019-01-13 09:04:42'),
('40',	'209',	5,	'ANTIOQUIA',	'CONCORDIA',	'2019-01-13 14:04:42',	'2019-01-13 09:04:42'),
('400',	'809',	19,	'CAUCA',	'TIMBIQUI',	'2019-01-13 14:04:42',	'2019-01-13 09:04:42'),
('401',	'821',	19,	'CAUCA',	'TORIBIO',	'2019-01-13 14:04:42',	'2019-01-13 09:04:42'),
('402',	'824',	19,	'CAUCA',	'TOTORO',	'2019-01-13 14:04:42',	'2019-01-13 09:04:42'),
('403',	'845',	19,	'CAUCA',	'VILLA RICA',	'2019-01-13 14:04:42',	'2019-01-13 09:04:42'),
('404',	'001',	20,	'CESAR',	'VALLEDUPAR',	'2019-01-13 14:04:42',	'2019-01-13 09:04:42'),
('405',	'011',	20,	'CESAR',	'AGUACHICA',	'2019-01-13 14:04:42',	'2019-01-13 09:04:42'),
('406',	'013',	20,	'CESAR',	'AGUSTIN CODAZZI',	'2019-01-13 14:04:42',	'2019-01-13 09:04:42'),
('407',	'032',	20,	'CESAR',	'ASTREA',	'2019-01-13 14:04:42',	'2019-01-13 09:04:42'),
('408',	'045',	20,	'CESAR',	'BECERRIL',	'2019-01-13 14:04:42',	'2019-01-13 09:04:42'),
('409',	'060',	20,	'CESAR',	'BOSCONIA',	'2019-01-13 14:04:42',	'2019-01-13 09:04:42'),
('41',	'212',	5,	'ANTIOQUIA',	'COPACABANA',	'2019-01-13 14:04:42',	'2019-01-13 09:04:42'),
('410',	'175',	20,	'CESAR',	'CHIMICHAGUA',	'2019-01-13 14:04:42',	'2019-01-13 09:04:42'),
('411',	'178',	20,	'CESAR',	'CHIRIGUANA',	'2019-01-13 14:04:42',	'2019-01-13 09:04:42'),
('412',	'228',	20,	'CESAR',	'CURUMANI',	'2019-01-13 14:04:42',	'2019-01-13 09:04:42'),
('413',	'238',	20,	'CESAR',	'EL COPEY',	'2019-01-13 14:04:42',	'2019-01-13 09:04:42'),
('414',	'250',	20,	'CESAR',	'EL PASO',	'2019-01-13 14:04:42',	'2019-01-13 09:04:42'),
('415',	'295',	20,	'CESAR',	'GAMARRA',	'2019-01-13 14:04:42',	'2019-01-13 09:04:42'),
('416',	'310',	20,	'CESAR',	'GONZALEZ',	'2019-01-13 14:04:42',	'2019-01-13 09:04:42'),
('417',	'383',	20,	'CESAR',	'LA GLORIA',	'2019-01-13 14:04:42',	'2019-01-13 09:04:42'),
('418',	'400',	20,	'CESAR',	'LA JAGUA DE IBIRICO',	'2019-01-13 14:04:42',	'2019-01-13 09:04:42'),
('419',	'443',	20,	'CESAR',	'MANAURE',	'2019-01-13 14:04:42',	'2019-01-13 09:04:42'),
('42',	'234',	5,	'ANTIOQUIA',	'DABEIBA',	'2019-01-13 14:04:42',	'2019-01-13 09:04:42'),
('420',	'517',	20,	'CESAR',	'PAILITAS',	'2019-01-13 14:04:42',	'2019-01-13 09:04:42'),
('421',	'550',	20,	'CESAR',	'PELAYA',	'2019-01-13 14:04:42',	'2019-01-13 09:04:42'),
('422',	'570',	20,	'CESAR',	'PUEBLO BELLO',	'2019-01-13 14:04:42',	'2019-01-13 09:04:42'),
('423',	'614',	20,	'CESAR',	'RIO DE ORO',	'2019-01-13 14:04:42',	'2019-01-13 09:04:42'),
('424',	'621',	20,	'CESAR',	'LA PAZ',	'2019-01-13 14:04:42',	'2019-01-13 09:04:42'),
('425',	'710',	20,	'CESAR',	'SAN ALBERTO',	'2019-01-13 14:04:42',	'2019-01-13 09:04:42'),
('426',	'750',	20,	'CESAR',	'SAN DIEGO',	'2019-01-13 14:04:42',	'2019-01-13 09:04:42'),
('427',	'770',	20,	'CESAR',	'SAN MARTIN',	'2019-01-13 14:04:42',	'2019-01-13 09:04:42'),
('428',	'787',	20,	'CESAR',	'TAMALAMEQUE',	'2019-01-13 14:04:42',	'2019-01-13 09:04:42'),
('429',	'001',	23,	'CORDOBA',	'MONTERIA',	'2019-01-13 14:04:42',	'2019-01-13 09:04:42'),
('43',	'237',	5,	'ANTIOQUIA',	'DON MATIAS',	'2019-01-13 14:04:42',	'2019-01-13 09:04:42'),
('430',	'068',	23,	'CORDOBA',	'AYAPEL',	'2019-01-13 14:04:42',	'2019-01-13 09:04:42'),
('431',	'079',	23,	'CORDOBA',	'BUENAVISTA',	'2019-01-13 14:04:42',	'2019-01-13 09:04:42'),
('432',	'090',	23,	'CORDOBA',	'CANALETE',	'2019-01-13 14:04:42',	'2019-01-13 09:04:42'),
('433',	'162',	23,	'CORDOBA',	'CERETE',	'2019-01-13 14:04:42',	'2019-01-13 09:04:42'),
('434',	'168',	23,	'CORDOBA',	'CHIMA',	'2019-01-13 14:04:42',	'2019-01-13 09:04:42'),
('435',	'182',	23,	'CORDOBA',	'CHINU',	'2019-01-13 14:04:42',	'2019-01-13 09:04:42'),
('436',	'189',	23,	'CORDOBA',	'CIENAGA DE ORO',	'2019-01-13 14:04:42',	'2019-01-13 09:04:42'),
('437',	'300',	23,	'CORDOBA',	'COTORRA',	'2019-01-13 14:04:42',	'2019-01-13 09:04:42'),
('438',	'350',	23,	'CORDOBA',	'LA APARTADA',	'2019-01-13 14:04:42',	'2019-01-13 09:04:42'),
('439',	'417',	23,	'CORDOBA',	'LORICA',	'2019-01-13 14:04:42',	'2019-01-13 09:04:42'),
('44',	'240',	5,	'ANTIOQUIA',	'EBEJICO',	'2019-01-13 14:04:42',	'2019-01-13 09:04:42'),
('440',	'419',	23,	'CORDOBA',	'LOS CORDOBAS',	'2019-01-13 14:04:42',	'2019-01-13 09:04:42'),
('441',	'464',	23,	'CORDOBA',	'MOMIL',	'2019-01-13 14:04:42',	'2019-01-13 09:04:42'),
('442',	'466',	23,	'CORDOBA',	'MONTELIBANO',	'2019-01-13 14:04:42',	'2019-01-13 09:04:42'),
('443',	'500',	23,	'CORDOBA',	'MO?ITOS',	'2019-01-13 14:04:42',	'2019-01-13 09:04:42'),
('444',	'555',	23,	'CORDOBA',	'PLANETA RICA',	'2019-01-13 14:04:42',	'2019-01-13 09:04:42'),
('445',	'570',	23,	'CORDOBA',	'PUEBLO NUEVO',	'2019-01-13 14:04:42',	'2019-01-13 09:04:42'),
('446',	'574',	23,	'CORDOBA',	'PUERTO ESCONDIDO',	'2019-01-13 14:04:42',	'2019-01-13 09:04:42'),
('447',	'580',	23,	'CORDOBA',	'PUERTO LIBERTADOR',	'2019-01-13 14:04:42',	'2019-01-13 09:04:42'),
('448',	'586',	23,	'CORDOBA',	'PURISIMA',	'2019-01-13 14:04:42',	'2019-01-13 09:04:42'),
('449',	'660',	23,	'CORDOBA',	'SAHAGUN',	'2019-01-13 14:04:42',	'2019-01-13 09:04:42'),
('45',	'250',	5,	'ANTIOQUIA',	'EL BAGRE',	'2019-01-13 14:04:42',	'2019-01-13 09:04:42'),
('450',	'670',	23,	'CORDOBA',	'SAN ANDRES SOTAVENTO',	'2019-01-13 14:04:42',	'2019-01-13 09:04:42'),
('451',	'672',	23,	'CORDOBA',	'SAN ANTERO',	'2019-01-13 14:04:42',	'2019-01-13 09:04:42'),
('452',	'675',	23,	'CORDOBA',	'SAN BERNARDO DEL VIENTO',	'2019-01-13 14:04:42',	'2019-01-13 09:04:42'),
('453',	'678',	23,	'CORDOBA',	'SAN CARLOS',	'2019-01-13 14:04:42',	'2019-01-13 09:04:42'),
('454',	'686',	23,	'CORDOBA',	'SAN PELAYO',	'2019-01-13 14:04:42',	'2019-01-13 09:04:42'),
('455',	'807',	23,	'CORDOBA',	'TIERRALTA',	'2019-01-13 14:04:42',	'2019-01-13 09:04:42'),
('456',	'855',	23,	'CORDOBA',	'VALENCIA',	'2019-01-13 14:04:42',	'2019-01-13 09:04:42'),
('457',	'001',	25,	'CUNDINAMARCA',	'AGUA DE DIOS',	'2019-01-13 14:04:42',	'2019-01-13 09:04:42'),
('458',	'019',	25,	'CUNDINAMARCA',	'ALBAN',	'2019-01-13 14:04:42',	'2019-01-13 09:04:42'),
('459',	'035',	25,	'CUNDINAMARCA',	'ANAPOIMA',	'2019-01-13 14:04:42',	'2019-01-13 09:04:42'),
('46',	'264',	5,	'ANTIOQUIA',	'ENTRERRIOS',	'2019-01-13 14:04:42',	'2019-01-13 09:04:42'),
('460',	'040',	25,	'CUNDINAMARCA',	'ANOLAIMA',	'2019-01-13 14:04:42',	'2019-01-13 09:04:42'),
('461',	'053',	25,	'CUNDINAMARCA',	'ARBELAEZ',	'2019-01-13 14:04:42',	'2019-01-13 09:04:42'),
('462',	'086',	25,	'CUNDINAMARCA',	'BELTRAN',	'2019-01-13 14:04:42',	'2019-01-13 09:04:42'),
('463',	'095',	25,	'CUNDINAMARCA',	'BITUIMA',	'2019-01-13 14:04:42',	'2019-01-13 09:04:42'),
('464',	'099',	25,	'CUNDINAMARCA',	'BOJACA',	'2019-01-13 14:04:42',	'2019-01-13 09:04:42'),
('465',	'120',	25,	'CUNDINAMARCA',	'CABRERA',	'2019-01-13 14:04:42',	'2019-01-13 09:04:42'),
('466',	'123',	25,	'CUNDINAMARCA',	'CACHIPAY',	'2019-01-13 14:04:42',	'2019-01-13 09:04:42'),
('467',	'126',	25,	'CUNDINAMARCA',	'CAJICA',	'2019-01-13 14:04:42',	'2019-01-13 09:04:42'),
('468',	'148',	25,	'CUNDINAMARCA',	'CAPARRAPI',	'2019-01-13 14:04:42',	'2019-01-13 09:04:42'),
('469',	'151',	25,	'CUNDINAMARCA',	'CAQUEZA',	'2019-01-13 14:04:42',	'2019-01-13 09:04:42'),
('47',	'266',	5,	'ANTIOQUIA',	'ENVIGADO',	'2019-01-13 14:04:42',	'2019-01-13 09:04:42'),
('470',	'154',	25,	'CUNDINAMARCA',	'CARMEN DE CARUPA',	'2019-01-13 14:04:42',	'2019-01-13 09:04:42'),
('471',	'168',	25,	'CUNDINAMARCA',	'CHAGUANI',	'2019-01-13 14:04:42',	'2019-01-13 09:04:42'),
('472',	'175',	25,	'CUNDINAMARCA',	'CHIA',	'2019-01-13 14:04:42',	'2019-01-13 09:04:42'),
('473',	'178',	25,	'CUNDINAMARCA',	'CHIPAQUE',	'2019-01-13 14:04:42',	'2019-01-13 09:04:42'),
('474',	'181',	25,	'CUNDINAMARCA',	'CHOACHI',	'2019-01-13 14:04:42',	'2019-01-13 09:04:42'),
('475',	'183',	25,	'CUNDINAMARCA',	'CHOCONTA',	'2019-01-13 14:04:42',	'2019-01-13 09:04:42'),
('476',	'200',	25,	'CUNDINAMARCA',	'COGUA',	'2019-01-13 14:04:42',	'2019-01-13 09:04:42'),
('477',	'214',	25,	'CUNDINAMARCA',	'COTA',	'2019-01-13 14:04:42',	'2019-01-13 09:04:42'),
('478',	'224',	25,	'CUNDINAMARCA',	'CUCUNUBA',	'2019-01-13 14:04:42',	'2019-01-13 09:04:42'),
('479',	'245',	25,	'CUNDINAMARCA',	'EL COLEGIO',	'2019-01-13 14:04:42',	'2019-01-13 09:04:42'),
('48',	'282',	5,	'ANTIOQUIA',	'FREDONIA',	'2019-01-13 14:04:42',	'2019-01-13 09:04:42'),
('480',	'258',	25,	'CUNDINAMARCA',	'EL PE?ON',	'2019-01-13 14:04:42',	'2019-01-13 09:04:42'),
('481',	'260',	25,	'CUNDINAMARCA',	'EL ROSAL',	'2019-01-13 14:04:42',	'2019-01-13 09:04:42'),
('482',	'269',	25,	'CUNDINAMARCA',	'FACATATIVA',	'2019-01-13 14:04:42',	'2019-01-13 09:04:42'),
('483',	'279',	25,	'CUNDINAMARCA',	'FOMEQUE',	'2019-01-13 14:04:42',	'2019-01-13 09:04:42'),
('484',	'281',	25,	'CUNDINAMARCA',	'FOSCA',	'2019-01-13 14:04:42',	'2019-01-13 09:04:42'),
('485',	'286',	25,	'CUNDINAMARCA',	'FUNZA',	'2019-01-13 14:04:42',	'2019-01-13 09:04:42'),
('486',	'288',	25,	'CUNDINAMARCA',	'FUQUENE',	'2019-01-13 14:04:42',	'2019-01-13 09:04:42'),
('487',	'290',	25,	'CUNDINAMARCA',	'FUSAGASUGA',	'2019-01-13 14:04:42',	'2019-01-13 09:04:42'),
('488',	'293',	25,	'CUNDINAMARCA',	'GACHALA',	'2019-01-13 14:04:42',	'2019-01-13 09:04:42'),
('489',	'295',	25,	'CUNDINAMARCA',	'GACHANCIPA',	'2019-01-13 14:04:42',	'2019-01-13 09:04:42'),
('49',	'284',	5,	'ANTIOQUIA',	'FRONTINO',	'2019-01-13 14:04:42',	'2019-01-13 09:04:42'),
('490',	'297',	25,	'CUNDINAMARCA',	'GACHETA',	'2019-01-13 14:04:42',	'2019-01-13 09:04:42'),
('491',	'299',	25,	'CUNDINAMARCA',	'GAMA',	'2019-01-13 14:04:42',	'2019-01-13 09:04:42'),
('492',	'307',	25,	'CUNDINAMARCA',	'GIRARDOT',	'2019-01-13 14:04:42',	'2019-01-13 09:04:42'),
('493',	'312',	25,	'CUNDINAMARCA',	'GRANADA',	'2019-01-13 14:04:42',	'2019-01-13 09:04:42'),
('494',	'317',	25,	'CUNDINAMARCA',	'GUACHETA',	'2019-01-13 14:04:42',	'2019-01-13 09:04:42'),
('495',	'320',	25,	'CUNDINAMARCA',	'GUADUAS',	'2019-01-13 14:04:42',	'2019-01-13 09:04:42'),
('496',	'322',	25,	'CUNDINAMARCA',	'GUASCA',	'2019-01-13 14:04:42',	'2019-01-13 09:04:42'),
('497',	'324',	25,	'CUNDINAMARCA',	'GUATAQUI',	'2019-01-13 14:04:42',	'2019-01-13 09:04:42'),
('498',	'326',	25,	'CUNDINAMARCA',	'GUATAVITA',	'2019-01-13 14:04:42',	'2019-01-13 09:04:42'),
('499',	'328',	25,	'CUNDINAMARCA',	'GUAYABAL DE SIQUIMA',	'2019-01-13 14:04:42',	'2019-01-13 09:04:42'),
('5',	'030',	5,	'ANTIOQUIA',	'AMAGA',	'2019-01-13 14:04:42',	'2019-01-13 09:04:42'),
('50',	'306',	5,	'ANTIOQUIA',	'GIRALDO',	'2019-01-13 14:04:42',	'2019-01-13 09:04:42'),
('500',	'335',	25,	'CUNDINAMARCA',	'GUAYABETAL',	'2019-01-13 14:04:42',	'2019-01-13 09:04:42'),
('501',	'339',	25,	'CUNDINAMARCA',	'GUTIERREZ',	'2019-01-13 14:04:42',	'2019-01-13 09:04:42'),
('502',	'368',	25,	'CUNDINAMARCA',	'JERUSALEN',	'2019-01-13 14:04:42',	'2019-01-13 09:04:42'),
('503',	'372',	25,	'CUNDINAMARCA',	'JUNIN',	'2019-01-13 14:04:42',	'2019-01-13 09:04:42'),
('504',	'377',	25,	'CUNDINAMARCA',	'LA CALERA',	'2019-01-13 14:04:42',	'2019-01-13 09:04:42'),
('505',	'386',	25,	'CUNDINAMARCA',	'LA MESA',	'2019-01-13 14:04:42',	'2019-01-13 09:04:42'),
('506',	'394',	25,	'CUNDINAMARCA',	'LA PALMA',	'2019-01-13 14:04:42',	'2019-01-13 09:04:42'),
('507',	'398',	25,	'CUNDINAMARCA',	'LA PE?A',	'2019-01-13 14:04:42',	'2019-01-13 09:04:42'),
('508',	'402',	25,	'CUNDINAMARCA',	'LA VEGA',	'2019-01-13 14:04:42',	'2019-01-13 09:04:42'),
('509',	'407',	25,	'CUNDINAMARCA',	'LENGUAZAQUE',	'2019-01-13 14:04:42',	'2019-01-13 09:04:42'),
('51',	'308',	5,	'ANTIOQUIA',	'GIRARDOTA',	'2019-01-13 14:04:42',	'2019-01-13 09:04:42'),
('510',	'426',	25,	'CUNDINAMARCA',	'MACHETA',	'2019-01-13 14:04:42',	'2019-01-13 09:04:42'),
('511',	'430',	25,	'CUNDINAMARCA',	'MADRID',	'2019-01-13 14:04:42',	'2019-01-13 09:04:42'),
('512',	'436',	25,	'CUNDINAMARCA',	'MANTA',	'2019-01-13 14:04:42',	'2019-01-13 09:04:42'),
('513',	'438',	25,	'CUNDINAMARCA',	'MEDINA',	'2019-01-13 14:04:42',	'2019-01-13 09:04:42'),
('514',	'473',	25,	'CUNDINAMARCA',	'MOSQUERA',	'2019-01-13 14:04:42',	'2019-01-13 09:04:42'),
('515',	'483',	25,	'CUNDINAMARCA',	'NARI?O',	'2019-01-13 14:04:42',	'2019-01-13 09:04:42'),
('516',	'486',	25,	'CUNDINAMARCA',	'NEMOCON',	'2019-01-13 14:04:42',	'2019-01-13 09:04:42'),
('517',	'488',	25,	'CUNDINAMARCA',	'NILO',	'2019-01-13 14:04:42',	'2019-01-13 09:04:42'),
('518',	'489',	25,	'CUNDINAMARCA',	'NIMAIMA',	'2019-01-13 14:04:42',	'2019-01-13 09:04:42'),
('519',	'491',	25,	'CUNDINAMARCA',	'NOCAIMA',	'2019-01-13 14:04:42',	'2019-01-13 09:04:42'),
('52',	'310',	5,	'ANTIOQUIA',	'GOMEZ PLATA',	'2019-01-13 14:04:42',	'2019-01-13 09:04:42'),
('520',	'506',	25,	'CUNDINAMARCA',	'VENECIA',	'2019-01-13 14:04:42',	'2019-01-13 09:04:42'),
('521',	'513',	25,	'CUNDINAMARCA',	'PACHO',	'2019-01-13 14:04:42',	'2019-01-13 09:04:42'),
('522',	'518',	25,	'CUNDINAMARCA',	'PAIME',	'2019-01-13 14:04:42',	'2019-01-13 09:04:42'),
('523',	'524',	25,	'CUNDINAMARCA',	'PANDI',	'2019-01-13 14:04:42',	'2019-01-13 09:04:42'),
('524',	'530',	25,	'CUNDINAMARCA',	'PARATEBUENO',	'2019-01-13 14:04:42',	'2019-01-13 09:04:42'),
('525',	'535',	25,	'CUNDINAMARCA',	'PASCA',	'2019-01-13 14:04:42',	'2019-01-13 09:04:42'),
('526',	'572',	25,	'CUNDINAMARCA',	'PUERTO SALGAR',	'2019-01-13 14:04:42',	'2019-01-13 09:04:42'),
('527',	'580',	25,	'CUNDINAMARCA',	'PULI',	'2019-01-13 14:04:42',	'2019-01-13 09:04:42'),
('528',	'592',	25,	'CUNDINAMARCA',	'QUEBRADANEGRA',	'2019-01-13 14:04:42',	'2019-01-13 09:04:42'),
('529',	'594',	25,	'CUNDINAMARCA',	'QUETAME',	'2019-01-13 14:04:42',	'2019-01-13 09:04:42'),
('53',	'313',	5,	'ANTIOQUIA',	'GRANADA',	'2019-01-13 14:04:42',	'2019-01-13 09:04:42'),
('530',	'596',	25,	'CUNDINAMARCA',	'QUIPILE',	'2019-01-13 14:04:42',	'2019-01-13 09:04:42'),
('531',	'599',	25,	'CUNDINAMARCA',	'APULO',	'2019-01-13 14:04:42',	'2019-01-13 09:04:42'),
('532',	'612',	25,	'CUNDINAMARCA',	'RICAURTE',	'2019-01-13 14:04:42',	'2019-01-13 09:04:42'),
('533',	'645',	25,	'CUNDINAMARCA',	'SAN ANTONIO DEL TEQUENDAMA',	'2019-01-13 14:04:42',	'2019-01-13 09:04:42'),
('534',	'649',	25,	'CUNDINAMARCA',	'SAN BERNARDO',	'2019-01-13 14:04:42',	'2019-01-13 09:04:42'),
('535',	'653',	25,	'CUNDINAMARCA',	'SAN CAYETANO',	'2019-01-13 14:04:42',	'2019-01-13 09:04:42'),
('536',	'658',	25,	'CUNDINAMARCA',	'SAN FRANCISCO',	'2019-01-13 14:04:42',	'2019-01-13 09:04:42'),
('537',	'662',	25,	'CUNDINAMARCA',	'SAN JUAN DE RIO SECO',	'2019-01-13 14:04:42',	'2019-01-13 09:04:42'),
('538',	'718',	25,	'CUNDINAMARCA',	'SASAIMA',	'2019-01-13 14:04:42',	'2019-01-13 09:04:42'),
('539',	'736',	25,	'CUNDINAMARCA',	'SESQUILE',	'2019-01-13 14:04:42',	'2019-01-13 09:04:42'),
('54',	'315',	5,	'ANTIOQUIA',	'GUADALUPE',	'2019-01-13 14:04:42',	'2019-01-13 09:04:42'),
('540',	'740',	25,	'CUNDINAMARCA',	'SIBATE',	'2019-01-13 14:04:42',	'2019-01-13 09:04:42'),
('541',	'743',	25,	'CUNDINAMARCA',	'SILVANIA',	'2019-01-13 14:04:42',	'2019-01-13 09:04:42'),
('542',	'745',	25,	'CUNDINAMARCA',	'SIMIJACA',	'2019-01-13 14:04:42',	'2019-01-13 09:04:42'),
('543',	'754',	25,	'CUNDINAMARCA',	'SOACHA',	'2019-01-13 14:04:42',	'2019-01-13 09:04:42'),
('544',	'758',	25,	'CUNDINAMARCA',	'SOPO',	'2019-01-13 14:04:42',	'2019-01-13 09:04:42'),
('545',	'769',	25,	'CUNDINAMARCA',	'SUBACHOQUE',	'2019-01-13 14:04:42',	'2019-01-13 09:04:42'),
('546',	'772',	25,	'CUNDINAMARCA',	'SUESCA',	'2019-01-13 14:04:42',	'2019-01-13 09:04:42'),
('547',	'777',	25,	'CUNDINAMARCA',	'SUPATA',	'2019-01-13 14:04:42',	'2019-01-13 09:04:42'),
('548',	'779',	25,	'CUNDINAMARCA',	'SUSA',	'2019-01-13 14:04:42',	'2019-01-13 09:04:42'),
('549',	'781',	25,	'CUNDINAMARCA',	'SUTATAUSA',	'2019-01-13 14:04:42',	'2019-01-13 09:04:42'),
('55',	'318',	5,	'ANTIOQUIA',	'GUARNE',	'2019-01-13 14:04:42',	'2019-01-13 09:04:42'),
('550',	'785',	25,	'CUNDINAMARCA',	'TABIO',	'2019-01-13 14:04:42',	'2019-01-13 09:04:42'),
('551',	'793',	25,	'CUNDINAMARCA',	'TAUSA',	'2019-01-13 14:04:42',	'2019-01-13 09:04:42'),
('552',	'797',	25,	'CUNDINAMARCA',	'TENA',	'2019-01-13 14:04:42',	'2019-01-13 09:04:42'),
('553',	'799',	25,	'CUNDINAMARCA',	'TENJO',	'2019-01-13 14:04:42',	'2019-01-13 09:04:42'),
('554',	'805',	25,	'CUNDINAMARCA',	'TIBACUY',	'2019-01-13 14:04:42',	'2019-01-13 09:04:42'),
('555',	'807',	25,	'CUNDINAMARCA',	'TIBIRITA',	'2019-01-13 14:04:42',	'2019-01-13 09:04:42'),
('556',	'815',	25,	'CUNDINAMARCA',	'TOCAIMA',	'2019-01-13 14:04:42',	'2019-01-13 09:04:42'),
('557',	'817',	25,	'CUNDINAMARCA',	'TOCANCIPA',	'2019-01-13 14:04:42',	'2019-01-13 09:04:42'),
('558',	'823',	25,	'CUNDINAMARCA',	'TOPAIPI',	'2019-01-13 14:04:42',	'2019-01-13 09:04:42'),
('559',	'839',	25,	'CUNDINAMARCA',	'UBALA',	'2019-01-13 14:04:42',	'2019-01-13 09:04:42'),
('56',	'321',	5,	'ANTIOQUIA',	'GUATAPE',	'2019-01-13 14:04:42',	'2019-01-13 09:04:42'),
('560',	'841',	25,	'CUNDINAMARCA',	'UBAQUE',	'2019-01-13 14:04:42',	'2019-01-13 09:04:42'),
('561',	'843',	25,	'CUNDINAMARCA',	'VILLA DE SAN DIEGO DE UBATE',	'2019-01-13 14:04:42',	'2019-01-13 09:04:42'),
('562',	'845',	25,	'CUNDINAMARCA',	'UNE',	'2019-01-13 14:04:42',	'2019-01-13 09:04:42'),
('563',	'851',	25,	'CUNDINAMARCA',	'UTICA',	'2019-01-13 14:04:42',	'2019-01-13 09:04:42'),
('564',	'862',	25,	'CUNDINAMARCA',	'VERGARA',	'2019-01-13 14:04:42',	'2019-01-13 09:04:42'),
('565',	'867',	25,	'CUNDINAMARCA',	'VIANI',	'2019-01-13 14:04:42',	'2019-01-13 09:04:42'),
('566',	'871',	25,	'CUNDINAMARCA',	'VILLAGOMEZ',	'2019-01-13 14:04:42',	'2019-01-13 09:04:42'),
('567',	'873',	25,	'CUNDINAMARCA',	'VILLAPINZON',	'2019-01-13 14:04:42',	'2019-01-13 09:04:42'),
('568',	'875',	25,	'CUNDINAMARCA',	'VILLETA',	'2019-01-13 14:04:42',	'2019-01-13 09:04:42'),
('569',	'878',	25,	'CUNDINAMARCA',	'VIOTA',	'2019-01-13 14:04:42',	'2019-01-13 09:04:42'),
('57',	'347',	5,	'ANTIOQUIA',	'HELICONIA',	'2019-01-13 14:04:42',	'2019-01-13 09:04:42'),
('570',	'885',	25,	'CUNDINAMARCA',	'YACOPI',	'2019-01-13 14:04:42',	'2019-01-13 09:04:42'),
('571',	'898',	25,	'CUNDINAMARCA',	'ZIPACON',	'2019-01-13 14:04:42',	'2019-01-13 09:04:42'),
('572',	'899',	25,	'CUNDINAMARCA',	'ZIPAQUIRA',	'2019-01-13 14:04:42',	'2019-01-13 09:04:42'),
('573',	'001',	27,	'CHOCO',	'QUIBDO',	'2019-01-13 14:04:42',	'2019-01-13 09:04:42'),
('574',	'006',	27,	'CHOCO',	'ACANDI',	'2019-01-13 14:04:42',	'2019-01-13 09:04:42'),
('575',	'025',	27,	'CHOCO',	'ALTO BAUDO',	'2019-01-13 14:04:42',	'2019-01-13 09:04:42'),
('576',	'050',	27,	'CHOCO',	'ATRATO',	'2019-01-13 14:04:42',	'2019-01-13 09:04:42'),
('577',	'073',	27,	'CHOCO',	'BAGADO',	'2019-01-13 14:04:42',	'2019-01-13 09:04:42'),
('578',	'075',	27,	'CHOCO',	'BAHIA SOLANO',	'2019-01-13 14:04:42',	'2019-01-13 09:04:42'),
('579',	'077',	27,	'CHOCO',	'BAJO BAUDO',	'2019-01-13 14:04:42',	'2019-01-13 09:04:42'),
('58',	'353',	5,	'ANTIOQUIA',	'HISPANIA',	'2019-01-13 14:04:42',	'2019-01-13 09:04:42'),
('580',	'099',	27,	'CHOCO',	'BOJAYA',	'2019-01-13 14:04:42',	'2019-01-13 09:04:42'),
('581',	'135',	27,	'CHOCO',	'EL CANTON DEL SAN PABLO',	'2019-01-13 14:04:42',	'2019-01-13 09:04:42'),
('582',	'150',	27,	'CHOCO',	'CARMEN DEL DARIEN',	'2019-01-13 14:04:42',	'2019-01-13 09:04:42'),
('583',	'160',	27,	'CHOCO',	'CERTEGUI',	'2019-01-13 14:04:42',	'2019-01-13 09:04:42'),
('584',	'205',	27,	'CHOCO',	'CONDOTO',	'2019-01-13 14:04:42',	'2019-01-13 09:04:42'),
('585',	'245',	27,	'CHOCO',	'EL CARMEN DE ATRATO',	'2019-01-13 14:04:42',	'2019-01-13 09:04:42'),
('586',	'250',	27,	'CHOCO',	'EL LITORAL DEL SAN JUAN',	'2019-01-13 14:04:42',	'2019-01-13 09:04:42'),
('587',	'361',	27,	'CHOCO',	'ISTMINA',	'2019-01-13 14:04:42',	'2019-01-13 09:04:42'),
('588',	'372',	27,	'CHOCO',	'JURADO',	'2019-01-13 14:04:42',	'2019-01-13 09:04:42'),
('589',	'413',	27,	'CHOCO',	'LLORO',	'2019-01-13 14:04:42',	'2019-01-13 09:04:42'),
('59',	'360',	5,	'ANTIOQUIA',	'ITAGUI',	'2019-01-13 14:04:42',	'2019-01-13 09:04:42'),
('590',	'425',	27,	'CHOCO',	'MEDIO ATRATO',	'2019-01-13 14:04:42',	'2019-01-13 09:04:42'),
('591',	'430',	27,	'CHOCO',	'MEDIO BAUDO',	'2019-01-13 14:04:42',	'2019-01-13 09:04:42'),
('592',	'450',	27,	'CHOCO',	'MEDIO SAN JUAN',	'2019-01-13 14:04:42',	'2019-01-13 09:04:42'),
('593',	'491',	27,	'CHOCO',	'NOVITA',	'2019-01-13 14:04:42',	'2019-01-13 09:04:42'),
('594',	'495',	27,	'CHOCO',	'NUQUI',	'2019-01-13 14:04:42',	'2019-01-13 09:04:42'),
('595',	'580',	27,	'CHOCO',	'RIO IRO',	'2019-01-13 14:04:42',	'2019-01-13 09:04:42'),
('596',	'600',	27,	'CHOCO',	'RIO QUITO',	'2019-01-13 14:04:42',	'2019-01-13 09:04:42'),
('597',	'615',	27,	'CHOCO',	'RIOSUCIO',	'2019-01-13 14:04:42',	'2019-01-13 09:04:42'),
('598',	'660',	27,	'CHOCO',	'SAN JOSE DEL PALMAR',	'2019-01-13 14:04:42',	'2019-01-13 09:04:42'),
('599',	'745',	27,	'CHOCO',	'SIPI',	'2019-01-13 14:04:42',	'2019-01-13 09:04:42'),
('6',	'031',	5,	'ANTIOQUIA',	'AMALFI',	'2019-01-13 14:04:42',	'2019-01-13 09:04:42'),
('60',	'361',	5,	'ANTIOQUIA',	'ITUANGO',	'2019-01-13 14:04:42',	'2019-01-13 09:04:42'),
('600',	'787',	27,	'CHOCO',	'TADO',	'2019-01-13 14:04:42',	'2019-01-13 09:04:42'),
('601',	'800',	27,	'CHOCO',	'UNGUIA',	'2019-01-13 14:04:42',	'2019-01-13 09:04:42'),
('602',	'810',	27,	'CHOCO',	'UNION PANAMERICANA',	'2019-01-13 14:04:42',	'2019-01-13 09:04:42'),
('603',	'001',	41,	'HUILA',	'NEIVA',	'2019-01-13 14:04:42',	'2019-01-13 09:04:42'),
('604',	'006',	41,	'HUILA',	'ACEVEDO',	'2019-01-13 14:04:42',	'2019-01-13 09:04:42'),
('605',	'013',	41,	'HUILA',	'AGRADO',	'2019-01-13 14:04:42',	'2019-01-13 09:04:42'),
('606',	'016',	41,	'HUILA',	'AIPE',	'2019-01-13 14:04:42',	'2019-01-13 09:04:42'),
('607',	'020',	41,	'HUILA',	'ALGECIRAS',	'2019-01-13 14:04:42',	'2019-01-13 09:04:42'),
('608',	'026',	41,	'HUILA',	'ALTAMIRA',	'2019-01-13 14:04:42',	'2019-01-13 09:04:42'),
('609',	'078',	41,	'HUILA',	'BARAYA',	'2019-01-13 14:04:42',	'2019-01-13 09:04:42'),
('61',	'364',	5,	'ANTIOQUIA',	'JARDIN',	'2019-01-13 14:04:42',	'2019-01-13 09:04:42'),
('610',	'132',	41,	'HUILA',	'CAMPOALEGRE',	'2019-01-13 14:04:42',	'2019-01-13 09:04:42'),
('611',	'206',	41,	'HUILA',	'COLOMBIA',	'2019-01-13 14:04:42',	'2019-01-13 09:04:42'),
('612',	'244',	41,	'HUILA',	'ELIAS',	'2019-01-13 14:04:42',	'2019-01-13 09:04:42'),
('613',	'298',	41,	'HUILA',	'GARZON',	'2019-01-13 14:04:42',	'2019-01-13 09:04:42'),
('614',	'306',	41,	'HUILA',	'GIGANTE',	'2019-01-13 14:04:42',	'2019-01-13 09:04:42'),
('615',	'319',	41,	'HUILA',	'GUADALUPE',	'2019-01-13 14:04:42',	'2019-01-13 09:04:42'),
('616',	'349',	41,	'HUILA',	'HOBO',	'2019-01-13 14:04:42',	'2019-01-13 09:04:42'),
('617',	'357',	41,	'HUILA',	'IQUIRA',	'2019-01-13 14:04:42',	'2019-01-13 09:04:42'),
('618',	'359',	41,	'HUILA',	'ISNOS',	'2019-01-13 14:04:42',	'2019-01-13 09:04:42'),
('619',	'378',	41,	'HUILA',	'LA ARGENTINA',	'2019-01-13 14:04:42',	'2019-01-13 09:04:42'),
('62',	'368',	5,	'ANTIOQUIA',	'JERICO',	'2019-01-13 14:04:42',	'2019-01-13 09:04:42'),
('620',	'396',	41,	'HUILA',	'LA PLATA',	'2019-01-13 14:04:42',	'2019-01-13 09:04:42'),
('621',	'483',	41,	'HUILA',	'NATAGA',	'2019-01-13 14:04:42',	'2019-01-13 09:04:42'),
('622',	'503',	41,	'HUILA',	'OPORAPA',	'2019-01-13 14:04:42',	'2019-01-13 09:04:42'),
('623',	'518',	41,	'HUILA',	'PAICOL',	'2019-01-13 14:04:42',	'2019-01-13 09:04:42'),
('624',	'524',	41,	'HUILA',	'PALERMO',	'2019-01-13 14:04:42',	'2019-01-13 09:04:42'),
('625',	'530',	41,	'HUILA',	'PALESTINA',	'2019-01-13 14:04:42',	'2019-01-13 09:04:42'),
('626',	'548',	41,	'HUILA',	'PITAL',	'2019-01-13 14:04:42',	'2019-01-13 09:04:42'),
('627',	'551',	41,	'HUILA',	'PITALITO',	'2019-01-13 14:04:42',	'2019-01-13 09:04:42'),
('628',	'615',	41,	'HUILA',	'RIVERA',	'2019-01-13 14:04:42',	'2019-01-13 09:04:42'),
('629',	'660',	41,	'HUILA',	'SALADOBLANCO',	'2019-01-13 14:04:42',	'2019-01-13 09:04:42'),
('63',	'376',	5,	'ANTIOQUIA',	'LA CEJA',	'2019-01-13 14:04:42',	'2019-01-13 09:04:42'),
('630',	'668',	41,	'HUILA',	'SAN AGUSTIN',	'2019-01-13 14:04:42',	'2019-01-13 09:04:42'),
('631',	'676',	41,	'HUILA',	'SANTA MARIA',	'2019-01-13 14:04:42',	'2019-01-13 09:04:42'),
('632',	'770',	41,	'HUILA',	'SUAZA',	'2019-01-13 14:04:42',	'2019-01-13 09:04:42'),
('633',	'791',	41,	'HUILA',	'TARQUI',	'2019-01-13 14:04:42',	'2019-01-13 09:04:42'),
('634',	'797',	41,	'HUILA',	'TESALIA',	'2019-01-13 14:04:42',	'2019-01-13 09:04:42'),
('635',	'799',	41,	'HUILA',	'TELLO',	'2019-01-13 14:04:42',	'2019-01-13 09:04:42'),
('636',	'801',	41,	'HUILA',	'TERUEL',	'2019-01-13 14:04:42',	'2019-01-13 09:04:42'),
('637',	'807',	41,	'HUILA',	'TIMANA',	'2019-01-13 14:04:42',	'2019-01-13 09:04:42'),
('638',	'872',	41,	'HUILA',	'VILLAVIEJA',	'2019-01-13 14:04:42',	'2019-01-13 09:04:42'),
('639',	'885',	41,	'HUILA',	'YAGUARA',	'2019-01-13 14:04:42',	'2019-01-13 09:04:42'),
('64',	'380',	5,	'ANTIOQUIA',	'LA ESTRELLA',	'2019-01-13 14:04:42',	'2019-01-13 09:04:42'),
('640',	'001',	44,	'LA GUAJIRA',	'RIOHACHA',	'2019-01-13 14:04:42',	'2019-01-13 09:04:42'),
('641',	'035',	44,	'LA GUAJIRA',	'ALBANIA',	'2019-01-13 14:04:42',	'2019-01-13 09:04:42'),
('642',	'078',	44,	'LA GUAJIRA',	'BARRANCAS',	'2019-01-13 14:04:42',	'2019-01-13 09:04:42'),
('643',	'090',	44,	'LA GUAJIRA',	'DIBULLA',	'2019-01-13 14:04:42',	'2019-01-13 09:04:42'),
('644',	'098',	44,	'LA GUAJIRA',	'DISTRACCION',	'2019-01-13 14:04:42',	'2019-01-13 09:04:42'),
('645',	'110',	44,	'LA GUAJIRA',	'EL MOLINO',	'2019-01-13 14:04:42',	'2019-01-13 09:04:42'),
('646',	'279',	44,	'LA GUAJIRA',	'FONSECA',	'2019-01-13 14:04:42',	'2019-01-13 09:04:42'),
('647',	'378',	44,	'LA GUAJIRA',	'HATONUEVO',	'2019-01-13 14:04:42',	'2019-01-13 09:04:42'),
('648',	'420',	44,	'LA GUAJIRA',	'LA JAGUA DEL PILAR',	'2019-01-13 14:04:42',	'2019-01-13 09:04:42'),
('649',	'430',	44,	'LA GUAJIRA',	'MAICAO',	'2019-01-13 14:04:42',	'2019-01-13 09:04:42'),
('65',	'390',	5,	'ANTIOQUIA',	'LA PINTADA',	'2019-01-13 14:04:42',	'2019-01-13 09:04:42'),
('650',	'560',	44,	'LA GUAJIRA',	'MANAURE',	'2019-01-13 14:04:42',	'2019-01-13 09:04:42'),
('651',	'650',	44,	'LA GUAJIRA',	'SAN JUAN DEL CESAR',	'2019-01-13 14:04:42',	'2019-01-13 09:04:42'),
('652',	'847',	44,	'LA GUAJIRA',	'URIBIA',	'2019-01-13 14:04:42',	'2019-01-13 09:04:42'),
('653',	'855',	44,	'LA GUAJIRA',	'URUMITA',	'2019-01-13 14:04:42',	'2019-01-13 09:04:42'),
('654',	'874',	44,	'LA GUAJIRA',	'VILLANUEVA',	'2019-01-13 14:04:42',	'2019-01-13 09:04:42'),
('655',	'001',	47,	'MAGDALENA',	'SANTA MARTA',	'2019-01-13 14:04:42',	'2019-01-13 09:04:42'),
('656',	'030',	47,	'MAGDALENA',	'ALGARROBO',	'2019-01-13 14:04:42',	'2019-01-13 09:04:42'),
('657',	'053',	47,	'MAGDALENA',	'ARACATACA',	'2019-01-13 14:04:42',	'2019-01-13 09:04:42'),
('658',	'058',	47,	'MAGDALENA',	'ARIGUANI',	'2019-01-13 14:04:42',	'2019-01-13 09:04:42'),
('659',	'161',	47,	'MAGDALENA',	'CERRO SAN ANTONIO',	'2019-01-13 14:04:42',	'2019-01-13 09:04:42'),
('66',	'400',	5,	'ANTIOQUIA',	'LA UNION',	'2019-01-13 14:04:42',	'2019-01-13 09:04:42'),
('660',	'170',	47,	'MAGDALENA',	'CHIBOLO',	'2019-01-13 14:04:42',	'2019-01-13 09:04:42'),
('661',	'189',	47,	'MAGDALENA',	'CIENAGA',	'2019-01-13 14:04:42',	'2019-01-13 09:04:42'),
('662',	'205',	47,	'MAGDALENA',	'CONCORDIA',	'2019-01-13 14:04:42',	'2019-01-13 09:04:42'),
('663',	'245',	47,	'MAGDALENA',	'EL BANCO',	'2019-01-13 14:04:42',	'2019-01-13 09:04:42'),
('664',	'258',	47,	'MAGDALENA',	'EL PI?ON',	'2019-01-13 14:04:42',	'2019-01-13 09:04:42'),
('665',	'268',	47,	'MAGDALENA',	'EL RETEN',	'2019-01-13 14:04:42',	'2019-01-13 09:04:42'),
('666',	'288',	47,	'MAGDALENA',	'FUNDACION',	'2019-01-13 14:04:42',	'2019-01-13 09:04:42'),
('667',	'318',	47,	'MAGDALENA',	'GUAMAL',	'2019-01-13 14:04:42',	'2019-01-13 09:04:42'),
('668',	'460',	47,	'MAGDALENA',	'NUEVA GRANADA',	'2019-01-13 14:04:42',	'2019-01-13 09:04:42'),
('669',	'541',	47,	'MAGDALENA',	'PEDRAZA',	'2019-01-13 14:04:42',	'2019-01-13 09:04:42'),
('67',	'411',	5,	'ANTIOQUIA',	'LIBORINA',	'2019-01-13 14:04:42',	'2019-01-13 09:04:42'),
('670',	'545',	47,	'MAGDALENA',	'PIJI?O DEL CARMEN',	'2019-01-13 14:04:42',	'2019-01-13 09:04:42'),
('671',	'551',	47,	'MAGDALENA',	'PIVIJAY',	'2019-01-13 14:04:42',	'2019-01-13 09:04:42'),
('672',	'555',	47,	'MAGDALENA',	'PLATO',	'2019-01-13 14:04:42',	'2019-01-13 09:04:42'),
('673',	'570',	47,	'MAGDALENA',	'PUEBLOVIEJO',	'2019-01-13 14:04:42',	'2019-01-13 09:04:42'),
('674',	'605',	47,	'MAGDALENA',	'REMOLINO',	'2019-01-13 14:04:42',	'2019-01-13 09:04:42'),
('675',	'660',	47,	'MAGDALENA',	'SABANAS DE SAN ANGEL',	'2019-01-13 14:04:42',	'2019-01-13 09:04:42'),
('676',	'675',	47,	'MAGDALENA',	'SALAMINA',	'2019-01-13 14:04:42',	'2019-01-13 09:04:42'),
('677',	'692',	47,	'MAGDALENA',	'SAN SEBASTIAN DE BUENAVISTA',	'2019-01-13 14:04:42',	'2019-01-13 09:04:42'),
('678',	'703',	47,	'MAGDALENA',	'SAN ZENON',	'2019-01-13 14:04:42',	'2019-01-13 09:04:42'),
('679',	'707',	47,	'MAGDALENA',	'SANTA ANA',	'2019-01-13 14:04:42',	'2019-01-13 09:04:42'),
('68',	'425',	5,	'ANTIOQUIA',	'MACEO',	'2019-01-13 14:04:42',	'2019-01-13 09:04:42'),
('680',	'720',	47,	'MAGDALENA',	'SANTA BARBARA DE PINTO',	'2019-01-13 14:04:42',	'2019-01-13 09:04:42'),
('681',	'745',	47,	'MAGDALENA',	'SITIONUEVO',	'2019-01-13 14:04:42',	'2019-01-13 09:04:42'),
('682',	'798',	47,	'MAGDALENA',	'TENERIFE',	'2019-01-13 14:04:42',	'2019-01-13 09:04:42'),
('683',	'960',	47,	'MAGDALENA',	'ZAPAYAN',	'2019-01-13 14:04:42',	'2019-01-13 09:04:42'),
('684',	'980',	47,	'MAGDALENA',	'ZONA BANANERA',	'2019-01-13 14:04:42',	'2019-01-13 09:04:42'),
('685',	'001',	50,	'META',	'VILLAVICENCIO',	'2019-01-13 14:04:42',	'2019-01-13 09:04:42'),
('686',	'006',	50,	'META',	'ACACIAS',	'2019-01-13 14:04:42',	'2019-01-13 09:04:42'),
('687',	'110',	50,	'META',	'BARRANCA DE UPIA',	'2019-01-13 14:04:42',	'2019-01-13 09:04:42'),
('688',	'124',	50,	'META',	'CABUYARO',	'2019-01-13 14:04:42',	'2019-01-13 09:04:42'),
('689',	'150',	50,	'META',	'CASTILLA LA NUEVA',	'2019-01-13 14:04:42',	'2019-01-13 09:04:42'),
('69',	'440',	5,	'ANTIOQUIA',	'MARINILLA',	'2019-01-13 14:04:42',	'2019-01-13 09:04:42'),
('690',	'223',	50,	'META',	'CUBARRAL',	'2019-01-13 14:04:42',	'2019-01-13 09:04:42'),
('691',	'226',	50,	'META',	'CUMARAL',	'2019-01-13 14:04:42',	'2019-01-13 09:04:42'),
('692',	'245',	50,	'META',	'EL CALVARIO',	'2019-01-13 14:04:42',	'2019-01-13 09:04:42'),
('693',	'251',	50,	'META',	'EL CASTILLO',	'2019-01-13 14:04:42',	'2019-01-13 09:04:42'),
('694',	'270',	50,	'META',	'EL DORADO',	'2019-01-13 14:04:42',	'2019-01-13 09:04:42'),
('695',	'287',	50,	'META',	'FUENTE DE ORO',	'2019-01-13 14:04:42',	'2019-01-13 09:04:42'),
('696',	'313',	50,	'META',	'GRANADA',	'2019-01-13 14:04:42',	'2019-01-13 09:04:42'),
('697',	'318',	50,	'META',	'GUAMAL',	'2019-01-13 14:04:42',	'2019-01-13 09:04:42'),
('698',	'325',	50,	'META',	'MAPIRIPAN',	'2019-01-13 14:04:42',	'2019-01-13 09:04:42'),
('699',	'330',	50,	'META',	'MESETAS',	'2019-01-13 14:04:42',	'2019-01-13 09:04:42'),
('7',	'034',	5,	'ANTIOQUIA',	'ANDES',	'2019-01-13 14:04:42',	'2019-01-13 09:04:42'),
('70',	'467',	5,	'ANTIOQUIA',	'MONTEBELLO',	'2019-01-13 14:04:42',	'2019-01-13 09:04:42'),
('700',	'350',	50,	'META',	'LA MACARENA',	'2019-01-13 14:04:42',	'2019-01-13 09:04:42'),
('701',	'370',	50,	'META',	'URIBE',	'2019-01-13 14:04:42',	'2019-01-13 09:04:42'),
('702',	'400',	50,	'META',	'LEJANIAS',	'2019-01-13 14:04:42',	'2019-01-13 09:04:42'),
('703',	'450',	50,	'META',	'PUERTO CONCORDIA',	'2019-01-13 14:04:42',	'2019-01-13 09:04:42'),
('704',	'568',	50,	'META',	'PUERTO GAITAN',	'2019-01-13 14:04:42',	'2019-01-13 09:04:42'),
('705',	'573',	50,	'META',	'PUERTO LOPEZ',	'2019-01-13 14:04:42',	'2019-01-13 09:04:42'),
('706',	'577',	50,	'META',	'PUERTO LLERAS',	'2019-01-13 14:04:42',	'2019-01-13 09:04:42'),
('707',	'590',	50,	'META',	'PUERTO RICO',	'2019-01-13 14:04:42',	'2019-01-13 09:04:42'),
('708',	'606',	50,	'META',	'RESTREPO',	'2019-01-13 14:04:42',	'2019-01-13 09:04:42'),
('709',	'680',	50,	'META',	'SAN CARLOS DE GUAROA',	'2019-01-13 14:04:42',	'2019-01-13 09:04:42'),
('71',	'475',	5,	'ANTIOQUIA',	'MURINDO',	'2019-01-13 14:04:42',	'2019-01-13 09:04:42'),
('710',	'683',	50,	'META',	'SAN JUAN DE ARAMA',	'2019-01-13 14:04:42',	'2019-01-13 09:04:42'),
('711',	'686',	50,	'META',	'SAN JUANITO',	'2019-01-13 14:04:42',	'2019-01-13 09:04:42'),
('712',	'689',	50,	'META',	'SAN MARTIN',	'2019-01-13 14:04:42',	'2019-01-13 09:04:42'),
('713',	'711',	50,	'META',	'VISTAHERMOSA',	'2019-01-13 14:04:42',	'2019-01-13 09:04:42'),
('714',	'001',	52,	'NARI?O',	'PASTO',	'2019-01-13 14:04:42',	'2019-01-13 09:04:42'),
('715',	'019',	52,	'NARI?O',	'ALBAN',	'2019-01-13 14:04:42',	'2019-01-13 09:04:42'),
('716',	'022',	52,	'NARI?O',	'ALDANA',	'2019-01-13 14:04:42',	'2019-01-13 09:04:42'),
('717',	'036',	52,	'NARI?O',	'ANCUYA',	'2019-01-13 14:04:42',	'2019-01-13 09:04:42'),
('718',	'051',	52,	'NARI?O',	'ARBOLEDA',	'2019-01-13 14:04:42',	'2019-01-13 09:04:42'),
('719',	'079',	52,	'NARI?O',	'BARBACOAS',	'2019-01-13 14:04:42',	'2019-01-13 09:04:42'),
('72',	'480',	5,	'ANTIOQUIA',	'MUTATA',	'2019-01-13 14:04:42',	'2019-01-13 09:04:42'),
('720',	'083',	52,	'NARI?O',	'BELEN',	'2019-01-13 14:04:42',	'2019-01-13 09:04:42'),
('721',	'110',	52,	'NARI?O',	'BUESACO',	'2019-01-13 14:04:42',	'2019-01-13 09:04:42'),
('722',	'203',	52,	'NARI?O',	'COLON',	'2019-01-13 14:04:42',	'2019-01-13 09:04:42'),
('723',	'207',	52,	'NARI?O',	'CONSACA',	'2019-01-13 14:04:42',	'2019-01-13 09:04:42'),
('724',	'210',	52,	'NARI?O',	'CONTADERO',	'2019-01-13 14:04:42',	'2019-01-13 09:04:42'),
('725',	'215',	52,	'NARI?O',	'CORDOBA',	'2019-01-13 14:04:42',	'2019-01-13 09:04:42'),
('726',	'224',	52,	'NARI?O',	'CUASPUD',	'2019-01-13 14:04:42',	'2019-01-13 09:04:42'),
('727',	'227',	52,	'NARI?O',	'CUMBAL',	'2019-01-13 14:04:42',	'2019-01-13 09:04:42'),
('728',	'233',	52,	'NARI?O',	'CUMBITARA',	'2019-01-13 14:04:42',	'2019-01-13 09:04:42'),
('729',	'240',	52,	'NARI?O',	'CHACHAGsI',	'2019-01-13 14:04:42',	'2019-01-13 09:04:42'),
('73',	'483',	5,	'ANTIOQUIA',	'NARI?O',	'2019-01-13 14:04:42',	'2019-01-13 09:04:42'),
('730',	'250',	52,	'NARI?O',	'EL CHARCO',	'2019-01-13 14:04:42',	'2019-01-13 09:04:42'),
('731',	'254',	52,	'NARI?O',	'EL PE?OL',	'2019-01-13 14:04:42',	'2019-01-13 09:04:42'),
('732',	'256',	52,	'NARI?O',	'EL ROSARIO',	'2019-01-13 14:04:42',	'2019-01-13 09:04:42'),
('733',	'258',	52,	'NARI?O',	'EL TABLON DE GOMEZ',	'2019-01-13 14:04:42',	'2019-01-13 09:04:42'),
('734',	'260',	52,	'NARI?O',	'EL TAMBO',	'2019-01-13 14:04:42',	'2019-01-13 09:04:42'),
('735',	'287',	52,	'NARI?O',	'FUNES',	'2019-01-13 14:04:42',	'2019-01-13 09:04:42'),
('736',	'317',	52,	'NARI?O',	'GUACHUCAL',	'2019-01-13 14:04:42',	'2019-01-13 09:04:42'),
('737',	'320',	52,	'NARI?O',	'GUAITARILLA',	'2019-01-13 14:04:42',	'2019-01-13 09:04:42'),
('738',	'323',	52,	'NARI?O',	'GUALMATAN',	'2019-01-13 14:04:42',	'2019-01-13 09:04:42'),
('739',	'352',	52,	'NARI?O',	'ILES',	'2019-01-13 14:04:42',	'2019-01-13 09:04:42'),
('74',	'490',	5,	'ANTIOQUIA',	'NECOCLI',	'2019-01-13 14:04:42',	'2019-01-13 09:04:42'),
('740',	'354',	52,	'NARI?O',	'IMUES',	'2019-01-13 14:04:42',	'2019-01-13 09:04:42'),
('741',	'356',	52,	'NARI?O',	'IPIALES',	'2019-01-13 14:04:42',	'2019-01-13 09:04:42'),
('742',	'378',	52,	'NARI?O',	'LA CRUZ',	'2019-01-13 14:04:42',	'2019-01-13 09:04:42'),
('743',	'381',	52,	'NARI?O',	'LA FLORIDA',	'2019-01-13 14:04:42',	'2019-01-13 09:04:42'),
('744',	'385',	52,	'NARI?O',	'LA LLANADA',	'2019-01-13 14:04:42',	'2019-01-13 09:04:42'),
('745',	'390',	52,	'NARI?O',	'LA TOLA',	'2019-01-13 14:04:42',	'2019-01-13 09:04:42'),
('746',	'399',	52,	'NARI?O',	'LA UNION',	'2019-01-13 14:04:42',	'2019-01-13 09:04:42'),
('747',	'405',	52,	'NARI?O',	'LEIVA',	'2019-01-13 14:04:42',	'2019-01-13 09:04:42'),
('748',	'411',	52,	'NARI?O',	'LINARES',	'2019-01-13 14:04:42',	'2019-01-13 09:04:42'),
('749',	'418',	52,	'NARI?O',	'LOS ANDES',	'2019-01-13 14:04:42',	'2019-01-13 09:04:42'),
('75',	'495',	5,	'ANTIOQUIA',	'NECHI',	'2019-01-13 14:04:42',	'2019-01-13 09:04:42'),
('750',	'427',	52,	'NARI?O',	'MAGsI',	'2019-01-13 14:04:42',	'2019-01-13 09:04:42'),
('751',	'435',	52,	'NARI?O',	'MALLAMA',	'2019-01-13 14:04:42',	'2019-01-13 09:04:42'),
('752',	'473',	52,	'NARI?O',	'MOSQUERA',	'2019-01-13 14:04:42',	'2019-01-13 09:04:42'),
('753',	'480',	52,	'NARI?O',	'NARI?O',	'2019-01-13 14:04:42',	'2019-01-13 09:04:42'),
('754',	'490',	52,	'NARI?O',	'OLAYA HERRERA',	'2019-01-13 14:04:42',	'2019-01-13 09:04:42'),
('755',	'506',	52,	'NARI?O',	'OSPINA',	'2019-01-13 14:04:42',	'2019-01-13 09:04:42'),
('756',	'520',	52,	'NARI?O',	'FRANCISCO PIZARRO',	'2019-01-13 14:04:42',	'2019-01-13 09:04:42'),
('757',	'540',	52,	'NARI?O',	'POLICARPA',	'2019-01-13 14:04:42',	'2019-01-13 09:04:42'),
('758',	'560',	52,	'NARI?O',	'POTOSI',	'2019-01-13 14:04:42',	'2019-01-13 09:04:42'),
('759',	'565',	52,	'NARI?O',	'PROVIDENCIA',	'2019-01-13 14:04:42',	'2019-01-13 09:04:42'),
('76',	'501',	5,	'ANTIOQUIA',	'OLAYA',	'2019-01-13 14:04:42',	'2019-01-13 09:04:42'),
('760',	'573',	52,	'NARI?O',	'PUERRES',	'2019-01-13 14:04:42',	'2019-01-13 09:04:42'),
('761',	'585',	52,	'NARI?O',	'PUPIALES',	'2019-01-13 14:04:42',	'2019-01-13 09:04:42'),
('762',	'612',	52,	'NARI?O',	'RICAURTE',	'2019-01-13 14:04:42',	'2019-01-13 09:04:42'),
('763',	'621',	52,	'NARI?O',	'ROBERTO PAYAN',	'2019-01-13 14:04:42',	'2019-01-13 09:04:42'),
('764',	'678',	52,	'NARI?O',	'SAMANIEGO',	'2019-01-13 14:04:42',	'2019-01-13 09:04:42'),
('765',	'683',	52,	'NARI?O',	'SANDONA',	'2019-01-13 14:04:42',	'2019-01-13 09:04:42'),
('766',	'685',	52,	'NARI?O',	'SAN BERNARDO',	'2019-01-13 14:04:42',	'2019-01-13 09:04:42'),
('767',	'687',	52,	'NARI?O',	'SAN LORENZO',	'2019-01-13 14:04:42',	'2019-01-13 09:04:42'),
('768',	'693',	52,	'NARI?O',	'SAN PABLO',	'2019-01-13 14:04:42',	'2019-01-13 09:04:42'),
('769',	'694',	52,	'NARI?O',	'SAN PEDRO DE CARTAGO',	'2019-01-13 14:04:42',	'2019-01-13 09:04:42'),
('77',	'541',	5,	'ANTIOQUIA',	'PE?OL',	'2019-01-13 14:04:42',	'2019-01-13 09:04:42'),
('770',	'696',	52,	'NARI?O',	'SANTA BARBARA',	'2019-01-13 14:04:42',	'2019-01-13 09:04:42'),
('771',	'699',	52,	'NARI?O',	'SANTACRUZ',	'2019-01-13 14:04:42',	'2019-01-13 09:04:42'),
('772',	'720',	52,	'NARI?O',	'SAPUYES',	'2019-01-13 14:04:42',	'2019-01-13 09:04:42'),
('773',	'786',	52,	'NARI?O',	'TAMINANGO',	'2019-01-13 14:04:42',	'2019-01-13 09:04:42'),
('774',	'788',	52,	'NARI?O',	'TANGUA',	'2019-01-13 14:04:42',	'2019-01-13 09:04:42'),
('775',	'835',	52,	'NARI?O',	'SAN ANDRES DE TUMACO',	'2019-01-13 14:04:42',	'2019-01-13 09:04:42'),
('776',	'838',	52,	'NARI?O',	'TUQUERRES',	'2019-01-13 14:04:42',	'2019-01-13 09:04:42'),
('777',	'885',	52,	'NARI?O',	'YACUANQUER',	'2019-01-13 14:04:42',	'2019-01-13 09:04:42'),
('778',	'001',	54,	'N. DE SANTANDER',	'CUCUTA',	'2019-01-13 14:04:42',	'2019-01-13 09:04:42'),
('779',	'003',	54,	'N. DE SANTANDER',	'ABREGO',	'2019-01-13 14:04:42',	'2019-01-13 09:04:42'),
('78',	'543',	5,	'ANTIOQUIA',	'PEQUE',	'2019-01-13 14:04:42',	'2019-01-13 09:04:42'),
('780',	'051',	54,	'N. DE SANTANDER',	'ARBOLEDAS',	'2019-01-13 14:04:42',	'2019-01-13 09:04:42'),
('781',	'099',	54,	'N. DE SANTANDER',	'BOCHALEMA',	'2019-01-13 14:04:42',	'2019-01-13 09:04:42'),
('782',	'109',	54,	'N. DE SANTANDER',	'BUCARASICA',	'2019-01-13 14:04:42',	'2019-01-13 09:04:42'),
('783',	'125',	54,	'N. DE SANTANDER',	'CACOTA',	'2019-01-13 14:04:42',	'2019-01-13 09:04:42'),
('784',	'128',	54,	'N. DE SANTANDER',	'CACHIRA',	'2019-01-13 14:04:42',	'2019-01-13 09:04:42'),
('785',	'172',	54,	'N. DE SANTANDER',	'CHINACOTA',	'2019-01-13 14:04:42',	'2019-01-13 09:04:42'),
('786',	'174',	54,	'N. DE SANTANDER',	'CHITAGA',	'2019-01-13 14:04:42',	'2019-01-13 09:04:42'),
('787',	'206',	54,	'N. DE SANTANDER',	'CONVENCION',	'2019-01-13 14:04:42',	'2019-01-13 09:04:42'),
('788',	'223',	54,	'N. DE SANTANDER',	'CUCUTILLA',	'2019-01-13 14:04:42',	'2019-01-13 09:04:42'),
('789',	'239',	54,	'N. DE SANTANDER',	'DURANIA',	'2019-01-13 14:04:42',	'2019-01-13 09:04:42'),
('79',	'576',	5,	'ANTIOQUIA',	'PUEBLORRICO',	'2019-01-13 14:04:42',	'2019-01-13 09:04:42'),
('790',	'245',	54,	'N. DE SANTANDER',	'EL CARMEN',	'2019-01-13 14:04:42',	'2019-01-13 09:04:42'),
('791',	'250',	54,	'N. DE SANTANDER',	'EL TARRA',	'2019-01-13 14:04:42',	'2019-01-13 09:04:42'),
('792',	'261',	54,	'N. DE SANTANDER',	'EL ZULIA',	'2019-01-13 14:04:42',	'2019-01-13 09:04:42'),
('793',	'313',	54,	'N. DE SANTANDER',	'GRAMALOTE',	'2019-01-13 14:04:42',	'2019-01-13 09:04:42'),
('794',	'344',	54,	'N. DE SANTANDER',	'HACARI',	'2019-01-13 14:04:42',	'2019-01-13 09:04:42'),
('795',	'347',	54,	'N. DE SANTANDER',	'HERRAN',	'2019-01-13 14:04:42',	'2019-01-13 09:04:42'),
('796',	'377',	54,	'N. DE SANTANDER',	'LABATECA',	'2019-01-13 14:04:42',	'2019-01-13 09:04:42'),
('797',	'385',	54,	'N. DE SANTANDER',	'LA ESPERANZA',	'2019-01-13 14:04:42',	'2019-01-13 09:04:42'),
('798',	'398',	54,	'N. DE SANTANDER',	'LA PLAYA',	'2019-01-13 14:04:42',	'2019-01-13 09:04:42'),
('799',	'405',	54,	'N. DE SANTANDER',	'LOS PATIOS',	'2019-01-13 14:04:42',	'2019-01-13 09:04:42'),
('8',	'036',	5,	'ANTIOQUIA',	'ANGELOPOLIS',	'2019-01-13 14:04:42',	'2019-01-13 09:04:42'),
('80',	'579',	5,	'ANTIOQUIA',	'PUERTO BERRIO',	'2019-01-13 14:04:42',	'2019-01-13 09:04:42'),
('800',	'418',	54,	'N. DE SANTANDER',	'LOURDES',	'2019-01-13 14:04:42',	'2019-01-13 09:04:42'),
('801',	'480',	54,	'N. DE SANTANDER',	'MUTISCUA',	'2019-01-13 14:04:42',	'2019-01-13 09:04:42'),
('802',	'498',	54,	'N. DE SANTANDER',	'OCA?A',	'2019-01-13 14:04:42',	'2019-01-13 09:04:42'),
('803',	'518',	54,	'N. DE SANTANDER',	'PAMPLONA',	'2019-01-13 14:04:42',	'2019-01-13 09:04:42'),
('804',	'520',	54,	'N. DE SANTANDER',	'PAMPLONITA',	'2019-01-13 14:04:42',	'2019-01-13 09:04:42'),
('805',	'553',	54,	'N. DE SANTANDER',	'PUERTO SANTANDER',	'2019-01-13 14:04:42',	'2019-01-13 09:04:42'),
('806',	'599',	54,	'N. DE SANTANDER',	'RAGONVALIA',	'2019-01-13 14:04:42',	'2019-01-13 09:04:42'),
('807',	'660',	54,	'N. DE SANTANDER',	'SALAZAR',	'2019-01-13 14:04:42',	'2019-01-13 09:04:42'),
('808',	'670',	54,	'N. DE SANTANDER',	'SAN CALIXTO',	'2019-01-13 14:04:42',	'2019-01-13 09:04:42'),
('809',	'673',	54,	'N. DE SANTANDER',	'SAN CAYETANO',	'2019-01-13 14:04:42',	'2019-01-13 09:04:42'),
('81',	'585',	5,	'ANTIOQUIA',	'PUERTO NARE',	'2019-01-13 14:04:42',	'2019-01-13 09:04:42'),
('810',	'680',	54,	'N. DE SANTANDER',	'SANTIAGO',	'2019-01-13 14:04:42',	'2019-01-13 09:04:42'),
('811',	'720',	54,	'N. DE SANTANDER',	'SARDINATA',	'2019-01-13 14:04:42',	'2019-01-13 09:04:42'),
('812',	'743',	54,	'N. DE SANTANDER',	'SILOS',	'2019-01-13 14:04:42',	'2019-01-13 09:04:42'),
('813',	'800',	54,	'N. DE SANTANDER',	'TEORAMA',	'2019-01-13 14:04:42',	'2019-01-13 09:04:42'),
('814',	'810',	54,	'N. DE SANTANDER',	'TIBU',	'2019-01-13 14:04:42',	'2019-01-13 09:04:42'),
('815',	'820',	54,	'N. DE SANTANDER',	'TOLEDO',	'2019-01-13 14:04:42',	'2019-01-13 09:04:42'),
('816',	'871',	54,	'N. DE SANTANDER',	'VILLA CARO',	'2019-01-13 14:04:42',	'2019-01-13 09:04:42'),
('817',	'874',	54,	'N. DE SANTANDER',	'VILLA DEL ROSARIO',	'2019-01-13 14:04:42',	'2019-01-13 09:04:42'),
('818',	'001',	63,	'QUINDIO',	'ARMENIA',	'2019-01-13 14:04:42',	'2019-01-13 09:04:42'),
('819',	'111',	63,	'QUINDIO',	'BUENAVISTA',	'2019-01-13 14:04:42',	'2019-01-13 09:04:42'),
('82',	'591',	5,	'ANTIOQUIA',	'PUERTO TRIUNFO',	'2019-01-13 14:04:42',	'2019-01-13 09:04:42'),
('820',	'130',	63,	'QUINDIO',	'CALARCA',	'2019-01-13 14:04:42',	'2019-01-13 09:04:42'),
('821',	'190',	63,	'QUINDIO',	'CIRCASIA',	'2019-01-13 14:04:42',	'2019-01-13 09:04:42'),
('822',	'212',	63,	'QUINDIO',	'CORDOBA',	'2019-01-13 14:04:42',	'2019-01-13 09:04:42'),
('823',	'272',	63,	'QUINDIO',	'FILANDIA',	'2019-01-13 14:04:42',	'2019-01-13 09:04:42'),
('824',	'302',	63,	'QUINDIO',	'GENOVA',	'2019-01-13 14:04:42',	'2019-01-13 09:04:42'),
('825',	'401',	63,	'QUINDIO',	'LA TEBAIDA',	'2019-01-13 14:04:42',	'2019-01-13 09:04:42'),
('826',	'470',	63,	'QUINDIO',	'MONTENEGRO',	'2019-01-13 14:04:42',	'2019-01-13 09:04:42'),
('827',	'548',	63,	'QUINDIO',	'PIJAO',	'2019-01-13 14:04:42',	'2019-01-13 09:04:42'),
('828',	'594',	63,	'QUINDIO',	'QUIMBAYA',	'2019-01-13 14:04:42',	'2019-01-13 09:04:42'),
('829',	'690',	63,	'QUINDIO',	'SALENTO',	'2019-01-13 14:04:42',	'2019-01-13 09:04:42'),
('83',	'604',	5,	'ANTIOQUIA',	'REMEDIOS',	'2019-01-13 14:04:42',	'2019-01-13 09:04:42'),
('830',	'001',	66,	'RISARALDA',	'PEREIRA',	'2019-01-13 14:04:42',	'2019-01-13 09:04:42'),
('831',	'045',	66,	'RISARALDA',	'APIA',	'2019-01-13 14:04:42',	'2019-01-13 09:04:42'),
('832',	'075',	66,	'RISARALDA',	'BALBOA',	'2019-01-13 14:04:42',	'2019-01-13 09:04:42'),
('833',	'088',	66,	'RISARALDA',	'BELEN DE UMBRIA',	'2019-01-13 14:04:42',	'2019-01-13 09:04:42'),
('834',	'170',	66,	'RISARALDA',	'DOSQUEBRADAS',	'2019-01-13 14:04:42',	'2019-01-13 09:04:42'),
('835',	'318',	66,	'RISARALDA',	'GUATICA',	'2019-01-13 14:04:42',	'2019-01-13 09:04:42'),
('836',	'383',	66,	'RISARALDA',	'LA CELIA',	'2019-01-13 14:04:42',	'2019-01-13 09:04:42'),
('837',	'400',	66,	'RISARALDA',	'LA VIRGINIA',	'2019-01-13 14:04:42',	'2019-01-13 09:04:42'),
('838',	'440',	66,	'RISARALDA',	'MARSELLA',	'2019-01-13 14:04:42',	'2019-01-13 09:04:42'),
('839',	'456',	66,	'RISARALDA',	'MISTRATO',	'2019-01-13 14:04:42',	'2019-01-13 09:04:42'),
('84',	'607',	5,	'ANTIOQUIA',	'RETIRO',	'2019-01-13 14:04:42',	'2019-01-13 09:04:42'),
('840',	'572',	66,	'RISARALDA',	'PUEBLO RICO',	'2019-01-13 14:04:42',	'2019-01-13 09:04:42'),
('841',	'594',	66,	'RISARALDA',	'QUINCHIA',	'2019-01-13 14:04:42',	'2019-01-13 09:04:42'),
('842',	'682',	66,	'RISARALDA',	'SANTA ROSA DE CABAL',	'2019-01-13 14:04:42',	'2019-01-13 09:04:42'),
('843',	'687',	66,	'RISARALDA',	'SANTUARIO',	'2019-01-13 14:04:42',	'2019-01-13 09:04:42'),
('844',	'001',	68,	'SANTANDER',	'BUCARAMANGA',	'2019-01-13 14:04:42',	'2019-01-13 09:04:42'),
('845',	'013',	68,	'SANTANDER',	'AGUADA',	'2019-01-13 14:04:42',	'2019-01-13 09:04:42'),
('846',	'020',	68,	'SANTANDER',	'ALBANIA',	'2019-01-13 14:04:42',	'2019-01-13 09:04:42'),
('847',	'051',	68,	'SANTANDER',	'ARATOCA',	'2019-01-13 14:04:42',	'2019-01-13 09:04:42'),
('848',	'077',	68,	'SANTANDER',	'BARBOSA',	'2019-01-13 14:04:42',	'2019-01-13 09:04:42'),
('849',	'079',	68,	'SANTANDER',	'BARICHARA',	'2019-01-13 14:04:42',	'2019-01-13 09:04:42'),
('85',	'615',	5,	'ANTIOQUIA',	'RIONEGRO',	'2019-01-13 14:04:42',	'2019-01-13 09:04:42'),
('850',	'081',	68,	'SANTANDER',	'BARRANCABERMEJA',	'2019-01-13 14:04:42',	'2019-01-13 09:04:42'),
('851',	'092',	68,	'SANTANDER',	'BETULIA',	'2019-01-13 14:04:42',	'2019-01-13 09:04:42'),
('852',	'101',	68,	'SANTANDER',	'BOLIVAR',	'2019-01-13 14:04:42',	'2019-01-13 09:04:42'),
('853',	'121',	68,	'SANTANDER',	'CABRERA',	'2019-01-13 14:04:42',	'2019-01-13 09:04:42'),
('854',	'132',	68,	'SANTANDER',	'CALIFORNIA',	'2019-01-13 14:04:42',	'2019-01-13 09:04:42'),
('855',	'147',	68,	'SANTANDER',	'CAPITANEJO',	'2019-01-13 14:04:42',	'2019-01-13 09:04:42'),
('856',	'152',	68,	'SANTANDER',	'CARCASI',	'2019-01-13 14:04:42',	'2019-01-13 09:04:42'),
('857',	'160',	68,	'SANTANDER',	'CEPITA',	'2019-01-13 14:04:42',	'2019-01-13 09:04:42'),
('858',	'162',	68,	'SANTANDER',	'CERRITO',	'2019-01-13 14:04:42',	'2019-01-13 09:04:42'),
('859',	'167',	68,	'SANTANDER',	'CHARALA',	'2019-01-13 14:04:42',	'2019-01-13 09:04:42'),
('86',	'628',	5,	'ANTIOQUIA',	'SABANALARGA',	'2019-01-13 14:04:42',	'2019-01-13 09:04:42'),
('860',	'169',	68,	'SANTANDER',	'CHARTA',	'2019-01-13 14:04:42',	'2019-01-13 09:04:42'),
('861',	'176',	68,	'SANTANDER',	'CHIMA',	'2019-01-13 14:04:42',	'2019-01-13 09:04:42'),
('862',	'179',	68,	'SANTANDER',	'CHIPATA',	'2019-01-13 14:04:42',	'2019-01-13 09:04:42'),
('863',	'190',	68,	'SANTANDER',	'CIMITARRA',	'2019-01-13 14:04:42',	'2019-01-13 09:04:42'),
('864',	'207',	68,	'SANTANDER',	'CONCEPCION',	'2019-01-13 14:04:42',	'2019-01-13 09:04:42'),
('865',	'209',	68,	'SANTANDER',	'CONFINES',	'2019-01-13 14:04:42',	'2019-01-13 09:04:42'),
('866',	'211',	68,	'SANTANDER',	'CONTRATACION',	'2019-01-13 14:04:42',	'2019-01-13 09:04:42'),
('867',	'217',	68,	'SANTANDER',	'COROMORO',	'2019-01-13 14:04:42',	'2019-01-13 09:04:42'),
('868',	'229',	68,	'SANTANDER',	'CURITI',	'2019-01-13 14:04:42',	'2019-01-13 09:04:42'),
('869',	'235',	68,	'SANTANDER',	'EL CARMEN DE CHUCURI',	'2019-01-13 14:04:42',	'2019-01-13 09:04:42'),
('87',	'631',	5,	'ANTIOQUIA',	'SABANETA',	'2019-01-13 14:04:42',	'2019-01-13 09:04:42'),
('870',	'245',	68,	'SANTANDER',	'EL GUACAMAYO',	'2019-01-13 14:04:42',	'2019-01-13 09:04:42'),
('871',	'250',	68,	'SANTANDER',	'EL PE?ON',	'2019-01-13 14:04:42',	'2019-01-13 09:04:42'),
('872',	'255',	68,	'SANTANDER',	'EL PLAYON',	'2019-01-13 14:04:42',	'2019-01-13 09:04:42'),
('873',	'264',	68,	'SANTANDER',	'ENCINO',	'2019-01-13 14:04:42',	'2019-01-13 09:04:42'),
('874',	'266',	68,	'SANTANDER',	'ENCISO',	'2019-01-13 14:04:42',	'2019-01-13 09:04:42'),
('875',	'271',	68,	'SANTANDER',	'FLORIAN',	'2019-01-13 14:04:42',	'2019-01-13 09:04:42'),
('876',	'276',	68,	'SANTANDER',	'FLORIDABLANCA',	'2019-01-13 14:04:42',	'2019-01-13 09:04:42'),
('877',	'296',	68,	'SANTANDER',	'GALAN',	'2019-01-13 14:04:42',	'2019-01-13 09:04:42'),
('878',	'298',	68,	'SANTANDER',	'GAMBITA',	'2019-01-13 14:04:42',	'2019-01-13 09:04:42'),
('879',	'307',	68,	'SANTANDER',	'GIRON',	'2019-01-13 14:04:42',	'2019-01-13 09:04:42'),
('88',	'642',	5,	'ANTIOQUIA',	'SALGAR',	'2019-01-13 14:04:42',	'2019-01-13 09:04:42'),
('880',	'318',	68,	'SANTANDER',	'GUACA',	'2019-01-13 14:04:42',	'2019-01-13 09:04:42'),
('881',	'320',	68,	'SANTANDER',	'GUADALUPE',	'2019-01-13 14:04:42',	'2019-01-13 09:04:42'),
('882',	'322',	68,	'SANTANDER',	'GUAPOTA',	'2019-01-13 14:04:42',	'2019-01-13 09:04:42'),
('883',	'324',	68,	'SANTANDER',	'GUAVATA',	'2019-01-13 14:04:42',	'2019-01-13 09:04:42'),
('884',	'327',	68,	'SANTANDER',	'GsEPSA',	'2019-01-13 14:04:42',	'2019-01-13 09:04:42'),
('885',	'344',	68,	'SANTANDER',	'HATO',	'2019-01-13 14:04:42',	'2019-01-13 09:04:42'),
('886',	'368',	68,	'SANTANDER',	'JESUS MARIA',	'2019-01-13 14:04:42',	'2019-01-13 09:04:42'),
('887',	'370',	68,	'SANTANDER',	'JORDAN',	'2019-01-13 14:04:42',	'2019-01-13 09:04:42'),
('888',	'377',	68,	'SANTANDER',	'LA BELLEZA',	'2019-01-13 14:04:42',	'2019-01-13 09:04:42'),
('889',	'385',	68,	'SANTANDER',	'LANDAZURI',	'2019-01-13 14:04:42',	'2019-01-13 09:04:42'),
('89',	'647',	5,	'ANTIOQUIA',	'SAN ANDRES DE CUERQUIA',	'2019-01-13 14:04:42',	'2019-01-13 09:04:42'),
('890',	'397',	68,	'SANTANDER',	'LA PAZ',	'2019-01-13 14:04:42',	'2019-01-13 09:04:42'),
('891',	'406',	68,	'SANTANDER',	'LEBRIJA',	'2019-01-13 14:04:42',	'2019-01-13 09:04:42'),
('892',	'418',	68,	'SANTANDER',	'LOS SANTOS',	'2019-01-13 14:04:42',	'2019-01-13 09:04:42'),
('893',	'425',	68,	'SANTANDER',	'MACARAVITA',	'2019-01-13 14:04:42',	'2019-01-13 09:04:42'),
('894',	'432',	68,	'SANTANDER',	'MALAGA',	'2019-01-13 14:04:42',	'2019-01-13 09:04:42'),
('895',	'444',	68,	'SANTANDER',	'MATANZA',	'2019-01-13 14:04:42',	'2019-01-13 09:04:42'),
('896',	'464',	68,	'SANTANDER',	'MOGOTES',	'2019-01-13 14:04:42',	'2019-01-13 09:04:42'),
('897',	'468',	68,	'SANTANDER',	'MOLAGAVITA',	'2019-01-13 14:04:42',	'2019-01-13 09:04:42'),
('898',	'498',	68,	'SANTANDER',	'OCAMONTE',	'2019-01-13 14:04:42',	'2019-01-13 09:04:42'),
('899',	'500',	68,	'SANTANDER',	'OIBA',	'2019-01-13 14:04:42',	'2019-01-13 09:04:42'),
('9',	'038',	5,	'ANTIOQUIA',	'ANGOSTURA',	'2019-01-13 14:04:42',	'2019-01-13 09:04:42'),
('90',	'649',	5,	'ANTIOQUIA',	'SAN CARLOS',	'2019-01-13 14:04:42',	'2019-01-13 09:04:42'),
('900',	'502',	68,	'SANTANDER',	'ONZAGA',	'2019-01-13 14:04:42',	'2019-01-13 09:04:42'),
('901',	'522',	68,	'SANTANDER',	'PALMAR',	'2019-01-13 14:04:42',	'2019-01-13 09:04:42'),
('902',	'524',	68,	'SANTANDER',	'PALMAS DEL SOCORRO',	'2019-01-13 14:04:42',	'2019-01-13 09:04:42'),
('903',	'533',	68,	'SANTANDER',	'PARAMO',	'2019-01-13 14:04:42',	'2019-01-13 09:04:42'),
('904',	'547',	68,	'SANTANDER',	'PIEDECUESTA',	'2019-01-13 14:04:42',	'2019-01-13 09:04:42'),
('905',	'549',	68,	'SANTANDER',	'PINCHOTE',	'2019-01-13 14:04:42',	'2019-01-13 09:04:42'),
('906',	'572',	68,	'SANTANDER',	'PUENTE NACIONAL',	'2019-01-13 14:04:42',	'2019-01-13 09:04:42'),
('907',	'573',	68,	'SANTANDER',	'PUERTO PARRA',	'2019-01-13 14:04:42',	'2019-01-13 09:04:42'),
('908',	'575',	68,	'SANTANDER',	'PUERTO WILCHES',	'2019-01-13 14:04:42',	'2019-01-13 09:04:42'),
('909',	'615',	68,	'SANTANDER',	'RIONEGRO',	'2019-01-13 14:04:42',	'2019-01-13 09:04:42'),
('91',	'652',	5,	'ANTIOQUIA',	'SAN FRANCISCO',	'2019-01-13 14:04:42',	'2019-01-13 09:04:42'),
('910',	'655',	68,	'SANTANDER',	'SABANA DE TORRES',	'2019-01-13 14:04:42',	'2019-01-13 09:04:42'),
('911',	'669',	68,	'SANTANDER',	'SAN ANDRES',	'2019-01-13 14:04:42',	'2019-01-13 09:04:42'),
('912',	'673',	68,	'SANTANDER',	'SAN BENITO',	'2019-01-13 14:04:42',	'2019-01-13 09:04:42'),
('913',	'679',	68,	'SANTANDER',	'SAN GIL',	'2019-01-13 14:04:42',	'2019-01-13 09:04:42'),
('914',	'682',	68,	'SANTANDER',	'SAN JOAQUIN',	'2019-01-13 14:04:42',	'2019-01-13 09:04:42'),
('915',	'684',	68,	'SANTANDER',	'SAN JOSE DE MIRANDA',	'2019-01-13 14:04:42',	'2019-01-13 09:04:42'),
('916',	'686',	68,	'SANTANDER',	'SAN MIGUEL',	'2019-01-13 14:04:42',	'2019-01-13 09:04:42'),
('917',	'689',	68,	'SANTANDER',	'SAN VICENTE DE CHUCURI',	'2019-01-13 14:04:42',	'2019-01-13 09:04:42'),
('918',	'705',	68,	'SANTANDER',	'SANTA BARBARA',	'2019-01-13 14:04:42',	'2019-01-13 09:04:42'),
('919',	'720',	68,	'SANTANDER',	'SANTA HELENA DEL OPON',	'2019-01-13 14:04:42',	'2019-01-13 09:04:42'),
('92',	'656',	5,	'ANTIOQUIA',	'SAN JERONIMO',	'2019-01-13 14:04:42',	'2019-01-13 09:04:42'),
('920',	'745',	68,	'SANTANDER',	'SIMACOTA',	'2019-01-13 14:04:42',	'2019-01-13 09:04:42'),
('921',	'755',	68,	'SANTANDER',	'SOCORRO',	'2019-01-13 14:04:42',	'2019-01-13 09:04:42'),
('922',	'770',	68,	'SANTANDER',	'SUAITA',	'2019-01-13 14:04:42',	'2019-01-13 09:04:42'),
('923',	'773',	68,	'SANTANDER',	'SUCRE',	'2019-01-13 14:04:42',	'2019-01-13 09:04:42'),
('924',	'780',	68,	'SANTANDER',	'SURATA',	'2019-01-13 14:04:42',	'2019-01-13 09:04:42'),
('925',	'820',	68,	'SANTANDER',	'TONA',	'2019-01-13 14:04:42',	'2019-01-13 09:04:42'),
('926',	'855',	68,	'SANTANDER',	'VALLE DE SAN JOSE',	'2019-01-13 14:04:42',	'2019-01-13 09:04:42'),
('927',	'861',	68,	'SANTANDER',	'VELEZ',	'2019-01-13 14:04:42',	'2019-01-13 09:04:42'),
('928',	'867',	68,	'SANTANDER',	'VETAS',	'2019-01-13 14:04:42',	'2019-01-13 09:04:42'),
('929',	'872',	68,	'SANTANDER',	'VILLANUEVA',	'2019-01-13 14:04:42',	'2019-01-13 09:04:42'),
('93',	'658',	5,	'ANTIOQUIA',	'SAN JOSE DE LA MONTA?A',	'2019-01-13 14:04:42',	'2019-01-13 09:04:42'),
('930',	'895',	68,	'SANTANDER',	'ZAPATOCA',	'2019-01-13 14:04:42',	'2019-01-13 09:04:42'),
('931',	'001',	70,	'SUCRE',	'SINCELEJO',	'2019-01-13 14:04:42',	'2019-01-13 09:04:42'),
('932',	'110',	70,	'SUCRE',	'BUENAVISTA',	'2019-01-13 14:04:42',	'2019-01-13 09:04:42'),
('933',	'124',	70,	'SUCRE',	'CAIMITO',	'2019-01-13 14:04:42',	'2019-01-13 09:04:42'),
('934',	'204',	70,	'SUCRE',	'COLOSO',	'2019-01-13 14:04:42',	'2019-01-13 09:04:42'),
('935',	'215',	70,	'SUCRE',	'COROZAL',	'2019-01-13 14:04:42',	'2019-01-13 09:04:42'),
('936',	'221',	70,	'SUCRE',	'COVE?AS',	'2019-01-13 14:04:42',	'2019-01-13 09:04:42'),
('937',	'230',	70,	'SUCRE',	'CHALAN',	'2019-01-13 14:04:42',	'2019-01-13 09:04:42'),
('938',	'233',	70,	'SUCRE',	'EL ROBLE',	'2019-01-13 14:04:42',	'2019-01-13 09:04:42'),
('939',	'235',	70,	'SUCRE',	'GALERAS',	'2019-01-13 14:04:42',	'2019-01-13 09:04:42'),
('94',	'659',	5,	'ANTIOQUIA',	'SAN JUAN DE URABA',	'2019-01-13 14:04:42',	'2019-01-13 09:04:42'),
('940',	'265',	70,	'SUCRE',	'GUARANDA',	'2019-01-13 14:04:42',	'2019-01-13 09:04:42'),
('941',	'400',	70,	'SUCRE',	'LA UNION',	'2019-01-13 14:04:42',	'2019-01-13 09:04:42'),
('942',	'418',	70,	'SUCRE',	'LOS PALMITOS',	'2019-01-13 14:04:42',	'2019-01-13 09:04:42'),
('943',	'429',	70,	'SUCRE',	'MAJAGUAL',	'2019-01-13 14:04:42',	'2019-01-13 09:04:42'),
('944',	'473',	70,	'SUCRE',	'MORROA',	'2019-01-13 14:04:42',	'2019-01-13 09:04:42'),
('945',	'508',	70,	'SUCRE',	'OVEJAS',	'2019-01-13 14:04:42',	'2019-01-13 09:04:42'),
('946',	'523',	70,	'SUCRE',	'PALMITO',	'2019-01-13 14:04:42',	'2019-01-13 09:04:42'),
('947',	'670',	70,	'SUCRE',	'SAMPUES',	'2019-01-13 14:04:42',	'2019-01-13 09:04:42'),
('948',	'678',	70,	'SUCRE',	'SAN BENITO ABAD',	'2019-01-13 14:04:42',	'2019-01-13 09:04:42'),
('949',	'702',	70,	'SUCRE',	'SAN JUAN DE BETULIA',	'2019-01-13 14:04:42',	'2019-01-13 09:04:42'),
('95',	'660',	5,	'ANTIOQUIA',	'SAN LUIS',	'2019-01-13 14:04:42',	'2019-01-13 09:04:42'),
('950',	'708',	70,	'SUCRE',	'SAN MARCOS',	'2019-01-13 14:04:42',	'2019-01-13 09:04:42'),
('951',	'713',	70,	'SUCRE',	'SAN ONOFRE',	'2019-01-13 14:04:42',	'2019-01-13 09:04:42'),
('952',	'717',	70,	'SUCRE',	'SAN PEDRO',	'2019-01-13 14:04:42',	'2019-01-13 09:04:42'),
('953',	'742',	70,	'SUCRE',	'SAN LUIS DE SINCE',	'2019-01-13 14:04:42',	'2019-01-13 09:04:42'),
('954',	'771',	70,	'SUCRE',	'SUCRE',	'2019-01-13 14:04:42',	'2019-01-13 09:04:42'),
('955',	'820',	70,	'SUCRE',	'SANTIAGO DE TOLU',	'2019-01-13 14:04:42',	'2019-01-13 09:04:42'),
('956',	'823',	70,	'SUCRE',	'TOLU VIEJO',	'2019-01-13 14:04:42',	'2019-01-13 09:04:42'),
('957',	'001',	73,	'TOLIMA',	'IBAGUE',	'2019-01-13 14:04:42',	'2019-01-13 09:04:42'),
('958',	'024',	73,	'TOLIMA',	'ALPUJARRA',	'2019-01-13 14:04:42',	'2019-01-13 09:04:42'),
('959',	'026',	73,	'TOLIMA',	'ALVARADO',	'2019-01-13 14:04:42',	'2019-01-13 09:04:42'),
('96',	'664',	5,	'ANTIOQUIA',	'SAN PEDRO',	'2019-01-13 14:04:42',	'2019-01-13 09:04:42'),
('960',	'030',	73,	'TOLIMA',	'AMBALEMA',	'2019-01-13 14:04:42',	'2019-01-13 09:04:42'),
('961',	'043',	73,	'TOLIMA',	'ANZOATEGUI',	'2019-01-13 14:04:42',	'2019-01-13 09:04:42'),
('962',	'055',	73,	'TOLIMA',	'ARMERO',	'2019-01-13 14:04:42',	'2019-01-13 09:04:42'),
('963',	'067',	73,	'TOLIMA',	'ATACO',	'2019-01-13 14:04:42',	'2019-01-13 09:04:42'),
('964',	'124',	73,	'TOLIMA',	'CAJAMARCA',	'2019-01-13 14:04:42',	'2019-01-13 09:04:42'),
('965',	'148',	73,	'TOLIMA',	'CARMEN DE APICALA',	'2019-01-13 14:04:42',	'2019-01-13 09:04:42'),
('966',	'152',	73,	'TOLIMA',	'CASABIANCA',	'2019-01-13 14:04:42',	'2019-01-13 09:04:42'),
('967',	'168',	73,	'TOLIMA',	'CHAPARRAL',	'2019-01-13 14:04:42',	'2019-01-13 09:04:42'),
('968',	'200',	73,	'TOLIMA',	'COELLO',	'2019-01-13 14:04:42',	'2019-01-13 09:04:42'),
('969',	'217',	73,	'TOLIMA',	'COYAIMA',	'2019-01-13 14:04:42',	'2019-01-13 09:04:42'),
('97',	'665',	5,	'ANTIOQUIA',	'SAN PEDRO DE URABA',	'2019-01-13 14:04:42',	'2019-01-13 09:04:42'),
('970',	'226',	73,	'TOLIMA',	'CUNDAY',	'2019-01-13 14:04:42',	'2019-01-13 09:04:42'),
('971',	'236',	73,	'TOLIMA',	'DOLORES',	'2019-01-13 14:04:42',	'2019-01-13 09:04:42'),
('972',	'268',	73,	'TOLIMA',	'ESPINAL',	'2019-01-13 14:04:42',	'2019-01-13 09:04:42'),
('973',	'270',	73,	'TOLIMA',	'FALAN',	'2019-01-13 14:04:42',	'2019-01-13 09:04:42'),
('974',	'275',	73,	'TOLIMA',	'FLANDES',	'2019-01-13 14:04:42',	'2019-01-13 09:04:42'),
('975',	'283',	73,	'TOLIMA',	'FRESNO',	'2019-01-13 14:04:42',	'2019-01-13 09:04:42'),
('976',	'319',	73,	'TOLIMA',	'GUAMO',	'2019-01-13 14:04:42',	'2019-01-13 09:04:42'),
('977',	'347',	73,	'TOLIMA',	'HERVEO',	'2019-01-13 14:04:42',	'2019-01-13 09:04:42'),
('978',	'349',	73,	'TOLIMA',	'HONDA',	'2019-01-13 14:04:42',	'2019-01-13 09:04:42'),
('979',	'352',	73,	'TOLIMA',	'ICONONZO',	'2019-01-13 14:04:42',	'2019-01-13 09:04:42'),
('98',	'667',	5,	'ANTIOQUIA',	'SAN RAFAEL',	'2019-01-13 14:04:42',	'2019-01-13 09:04:42'),
('980',	'408',	73,	'TOLIMA',	'LERIDA',	'2019-01-13 14:04:42',	'2019-01-13 09:04:42'),
('981',	'411',	73,	'TOLIMA',	'LIBANO',	'2019-01-13 14:04:42',	'2019-01-13 09:04:42'),
('982',	'443',	73,	'TOLIMA',	'MARIQUITA',	'2019-01-13 14:04:42',	'2019-01-13 09:04:42'),
('983',	'449',	73,	'TOLIMA',	'MELGAR',	'2019-01-13 14:04:42',	'2019-01-13 09:04:42'),
('984',	'461',	73,	'TOLIMA',	'MURILLO',	'2019-01-13 14:04:42',	'2019-01-13 09:04:42'),
('985',	'483',	73,	'TOLIMA',	'NATAGAIMA',	'2019-01-13 14:04:42',	'2019-01-13 09:04:42'),
('986',	'504',	73,	'TOLIMA',	'ORTEGA',	'2019-01-13 14:04:42',	'2019-01-13 09:04:42'),
('987',	'520',	73,	'TOLIMA',	'PALOCABILDO',	'2019-01-13 14:04:42',	'2019-01-13 09:04:42'),
('988',	'547',	73,	'TOLIMA',	'PIEDRAS',	'2019-01-13 14:04:42',	'2019-01-13 09:04:42'),
('989',	'555',	73,	'TOLIMA',	'PLANADAS',	'2019-01-13 14:04:42',	'2019-01-13 09:04:42'),
('99',	'670',	5,	'ANTIOQUIA',	'SAN ROQUE',	'2019-01-13 14:04:42',	'2019-01-13 09:04:42'),
('990',	'563',	73,	'TOLIMA',	'PRADO',	'2019-01-13 14:04:42',	'2019-01-13 09:04:42'),
('991',	'585',	73,	'TOLIMA',	'PURIFICACION',	'2019-01-13 14:04:42',	'2019-01-13 09:04:42'),
('992',	'616',	73,	'TOLIMA',	'RIOBLANCO',	'2019-01-13 14:04:42',	'2019-01-13 09:04:42'),
('993',	'622',	73,	'TOLIMA',	'RONCESVALLES',	'2019-01-13 14:04:42',	'2019-01-13 09:04:42'),
('994',	'624',	73,	'TOLIMA',	'ROVIRA',	'2019-01-13 14:04:42',	'2019-01-13 09:04:42'),
('995',	'671',	73,	'TOLIMA',	'SALDA?A',	'2019-01-13 14:04:42',	'2019-01-13 09:04:42'),
('996',	'675',	73,	'TOLIMA',	'SAN ANTONIO',	'2019-01-13 14:04:42',	'2019-01-13 09:04:42'),
('997',	'678',	73,	'TOLIMA',	'SAN LUIS',	'2019-01-13 14:04:42',	'2019-01-13 09:04:42'),
('998',	'686',	73,	'TOLIMA',	'SANTA ISABEL',	'2019-01-13 14:04:42',	'2019-01-13 09:04:42'),
('999',	'770',	73,	'TOLIMA',	'SUAREZ',	'2019-01-13 14:04:42',	'2019-01-13 09:04:42'),
('ID',	'idMcipio',	0,	'depat',	'muni',	'2019-01-13 14:04:42',	'2019-01-13 09:04:42');

DROP TABLE IF EXISTS `configuraciones_nombres_campos`;
CREATE TABLE `configuraciones_nombres_campos` (
  `ID` bigint(20) NOT NULL AUTO_INCREMENT,
  `NombreDB` varchar(50) COLLATE utf8_spanish_ci NOT NULL,
  `Visualiza` varchar(50) COLLATE utf8_spanish_ci NOT NULL,
  `Updated` timestamp NOT NULL DEFAULT CURRENT_TIMESTAMP ON UPDATE CURRENT_TIMESTAMP,
  `Sync` datetime NOT NULL DEFAULT '0000-00-00 00:00:00',
  PRIMARY KEY (`ID`)
) ENGINE=InnoDB DEFAULT CHARSET=utf8 COLLATE=utf8_spanish_ci;


DROP TABLE IF EXISTS `configuracion_campos_asociados`;
CREATE TABLE `configuracion_campos_asociados` (
  `ID` int(11) NOT NULL AUTO_INCREMENT,
  `TablaOrigen` varchar(50) COLLATE utf8_spanish_ci NOT NULL,
  `CampoTablaOrigen` varchar(50) COLLATE utf8_spanish_ci NOT NULL,
  `TablaAsociada` varchar(50) COLLATE utf8_spanish_ci NOT NULL,
  `CampoAsociado` varchar(50) COLLATE utf8_spanish_ci NOT NULL,
  `IDCampoAsociado` varchar(50) COLLATE utf8_spanish_ci NOT NULL,
  `Updated` timestamp NOT NULL DEFAULT CURRENT_TIMESTAMP ON UPDATE CURRENT_TIMESTAMP,
  `Sync` datetime NOT NULL DEFAULT '0000-00-00 00:00:00',
  PRIMARY KEY (`ID`)
) ENGINE=InnoDB DEFAULT CHARSET=utf8 COLLATE=utf8_spanish_ci;

INSERT INTO `configuracion_campos_asociados` (`ID`, `TablaOrigen`, `CampoTablaOrigen`, `TablaAsociada`, `CampoAsociado`, `IDCampoAsociado`, `Updated`, `Sync`) VALUES
(1,	'empresapro',	'Ciudad',	'cod_municipios_dptos',	'Ciudad',	'Ciudad',	'2019-01-13 14:04:47',	'2019-01-13 09:04:47'),
(2,	'empresapro',	'Regimen',	'empresapro_regimenes',	'Regimen',	'Regimen',	'2019-01-13 14:04:47',	'2019-01-13 09:04:47'),
(3,	'comprobantes_ingreso',	'Clientes_idClientes',	'clientes',	'Num_Identificacion',	'idClientes',	'2019-02-24 19:01:51',	'2019-02-24 14:01:51'),
(4,	'productosventa',	'Departamento',	'prod_departamentos',	'Nombre',	'idDepartamentos',	'2019-02-24 19:01:51',	'2019-02-24 14:01:51'),
(5,	'productosventa',	'Sub1',	'prod_sub1',	'NombreSub1',	'idSub1',	'2019-02-26 22:00:37',	'2019-02-26 17:00:37'),
(6,	'productosventa',	'Sub2',	'prod_sub2',	'NombreSub2',	'idSub2',	'2019-02-26 22:02:42',	'2019-02-26 17:02:42'),
(7,	'productosventa',	'Sub3',	'prod_sub3',	'NombreSub3',	'idSub3',	'2019-02-26 22:02:42',	'2019-02-26 17:02:42'),
(8,	'productosventa',	'Sub4',	'prod_sub4',	'NombreSub4',	'idSub4',	'2019-02-26 22:02:42',	'2019-02-26 17:02:42'),
(9,	'productosventa',	'Sub5',	'prod_sub5',	'NombreSub5',	'idSub5',	'2019-02-26 22:02:42',	'2019-02-26 17:02:42'),
(10,	'productosventa',	'Sub6',	'prod_sub6',	'NombreSub6',	'idSub6',	'2019-02-26 22:02:42',	'2019-02-26 17:02:42'),
(11,	'cotizacionesv5',	'Clientes_idClientes',	'clientes',	'Num_Identificacion',	'idClientes',	'2019-03-02 04:38:29',	'2019-03-01 23:38:29'),
(12,	'clientes',	'Tipo_Documento',	'cod_documentos',	'Descripcion',	'Codigo',	'2019-03-07 16:45:07',	'2019-03-07 11:45:07'),
(13,	'clientes',	'Cod_Dpto',	'cod_departamentos',	'Nombre',	'Cod_dpto',	'2019-03-07 16:45:07',	'2019-03-07 11:45:07'),
(14,	'clientes',	'Cod_Mcipio',	'cod_departamentos',	'Ciudad',	'Cod_mcipio',	'2019-03-07 16:45:07',	'2019-03-07 11:45:07'),
(15,	'clientes',	'Pais_Domicilio',	'cod_paises',	'Pais',	'Codigo',	'2019-03-07 16:45:07',	'2019-03-07 11:45:07'),
(16,	'usuarios',	'TipoUser',	'usuarios_tipo',	'Tipo',	'Tipo',	'2019-01-13 14:04:47',	'2019-01-13 09:04:47'),
(17,	'usuarios',	'Role',	'usuarios_roles',	'Role',	'Role',	'2019-01-13 14:04:47',	'2019-01-13 09:04:47'),
(18,	'usuarios',	'Habilitado',	'respuestas_condicional',	'Valor',	'Valor',	'2019-01-13 14:04:47',	'2019-01-13 09:04:47'),
(19,	'empresapro',	'FacturaSinInventario',	'respuestas_condicional',	'Valor',	'Valor',	'2019-01-13 14:04:47',	'2019-01-13 09:04:47'),
(20,	'empresapro',	'CXPAutomaticas',	'respuestas_condicional',	'Valor',	'Valor',	'2019-01-13 14:04:47',	'2019-01-13 09:04:47');

DROP TABLE IF EXISTS `configuracion_control_tablas`;
CREATE TABLE `configuracion_control_tablas` (
  `ID` int(11) NOT NULL AUTO_INCREMENT,
  `TablaDB` varchar(50) COLLATE utf8_spanish_ci NOT NULL,
  `Agregar` int(1) NOT NULL,
  `Editar` int(1) NOT NULL,
  `Ver` int(1) NOT NULL,
  `LinkVer` varchar(90) COLLATE utf8_spanish_ci NOT NULL,
  `Exportar` int(1) NOT NULL,
  `AccionesAdicionales` int(1) NOT NULL,
  `Eliminar` int(1) NOT NULL,
  `Updated` timestamp NOT NULL DEFAULT CURRENT_TIMESTAMP ON UPDATE CURRENT_TIMESTAMP,
  `Sync` datetime NOT NULL DEFAULT '0000-00-00 00:00:00',
  PRIMARY KEY (`ID`)
) ENGINE=InnoDB DEFAULT CHARSET=utf8 COLLATE=utf8_spanish_ci;

INSERT INTO `configuracion_control_tablas` (`ID`, `TablaDB`, `Agregar`, `Editar`, `Ver`, `LinkVer`, `Exportar`, `AccionesAdicionales`, `Eliminar`, `Updated`, `Sync`) VALUES
(1,	'empresapro',	1,	1,	0,	'',	0,	0,	0,	'2019-05-21 10:14:43',	'2019-01-13 09:04:48'),
(2,	'formatos_calidad',	1,	1,	0,	'',	1,	0,	0,	'2019-01-13 14:04:48',	'2019-01-13 09:04:48'),
(3,	'facturas',	0,	0,	1,	'PDF_Documentos.draw.php?idDocumento=2&ID=',	1,	1,	0,	'2019-01-13 14:04:48',	'2019-01-13 09:04:48'),
(4,	'cotizacionesv5',	0,	1,	1,	'PDF_Documentos.draw.php?idDocumento=1&ID=',	1,	1,	0,	'2019-03-02 04:38:30',	'2019-03-01 23:38:30'),
(5,	'cot_itemscotizaciones',	0,	1,	0,	'',	1,	0,	0,	'2019-01-13 14:04:48',	'2019-01-13 09:04:48'),
(6,	'empresapro_resoluciones_facturacion',	1,	1,	0,	'',	1,	0,	0,	'2019-01-13 14:04:48',	'2019-01-13 09:04:48'),
(7,	'comprobantes_ingreso',	0,	0,	1,	'PDF_Documentos.draw.php?idDocumento=4&idIngreso=',	1,	1,	0,	'2019-03-02 04:38:30',	'2019-03-01 23:38:30'),
(8,	'clientes',	1,	1,	0,	'',	1,	0,	0,	'2019-03-02 04:38:30',	'2019-03-01 23:38:30'),
(9,	'prestamos_terceros',	0,	0,	1,	'PDF_Documentos.draw.php?idDocumento=35&ID=',	1,	1,	0,	'2019-04-06 19:19:59',	'2019-04-06 14:19:59'),
(10,	'vista_documentos_contables',	0,	0,	1,	'PDF_Documentos.draw.php?idDocumento=32&idDocumentoContable=',	1,	1,	0,	'2019-04-11 14:01:47',	'2019-04-11 09:01:47'),
(11,	'ordenesdecompra',	0,	0,	1,	'PDF_Documentos.draw.php?idDocumento=5&ID=',	1,	1,	0,	'2019-04-16 19:45:33',	'2019-04-16 14:45:33'),
(12,	'vista_factura_compra_totales',	0,	0,	1,	'PDF_Documentos.draw.php?idDocumento=23&ID=',	1,	1,	0,	'2019-04-16 19:45:33',	'2019-04-16 14:45:33'),
(13,	'usuarios',	1,	1,	0,	'',	0,	1,	0,	'2019-05-20 15:23:39',	'2019-01-13 09:04:48');

DROP TABLE IF EXISTS `configuracion_general`;
CREATE TABLE `configuracion_general` (
  `ID` int(11) NOT NULL AUTO_INCREMENT,
  `Descripcion` text COLLATE utf8_spanish_ci NOT NULL,
  `Valor` text COLLATE utf8_spanish_ci NOT NULL,
  `Updated` timestamp NOT NULL DEFAULT CURRENT_TIMESTAMP ON UPDATE CURRENT_TIMESTAMP,
  `Sync` datetime NOT NULL DEFAULT '0000-00-00 00:00:00',
  PRIMARY KEY (`ID`)
) ENGINE=InnoDB DEFAULT CHARSET=utf8 COLLATE=utf8_spanish_ci;

INSERT INTO `configuracion_general` (`ID`, `Descripcion`, `Valor`, `Updated`, `Sync`) VALUES
(1,	'RUTA PARA EXPORTAR TABLAS EN CSV',	'../../htdocs/ts_eps/exports/tabla.csv',	'2019-06-02 15:39:40',	'2019-01-13 09:04:49'),
(2,	'Valor por defecto si se imprime o no al momento de realizar una factura pos',	'1',	'2019-03-18 12:44:40',	'2019-03-18 07:44:40'),
(3,	'Determina si se debe pedir autorizacion para retornar un item en pos',	'1',	'2019-03-18 13:20:26',	'2019-03-18 08:20:26'),
(4,	'Determina si se debe pedir autorizacion para elimininar un item en pos',	'1',	'2019-03-18 13:27:46',	'2019-03-18 08:27:46'),
(5,	'Determina si se debe pedir autorizacion para cambiar el precio de venta de un item en pos',	'1',	'2019-03-18 13:33:01',	'2019-03-18 08:33:01'),
(6,	'Determina el valor maximo que se puede aplicar al descuento general',	'50',	'2019-03-18 13:33:01',	'2019-03-18 08:33:01'),
(7,	'Determina si se pueden realizar descuentos a precio de costo',	'0',	'2019-03-18 20:54:51',	'2019-03-18 15:54:51'),
(8,	'Determina cuantas copias saldrn del separado al crearse',	'2',	'2019-03-19 19:19:59',	'2019-03-19 14:19:59'),
(9,	'Determina cuantas copias saldrn del egreso al crearse desde pos',	'2',	'2019-03-19 21:47:01',	'2019-03-19 16:47:01');

DROP TABLE IF EXISTS `configuracion_tablas_acciones_adicionales`;
CREATE TABLE `configuracion_tablas_acciones_adicionales` (
  `ID` int(11) NOT NULL AUTO_INCREMENT,
  `TablaDB` varchar(50) COLLATE utf8_spanish_ci NOT NULL,
  `JavaScript` varchar(100) COLLATE utf8_spanish_ci NOT NULL,
  `ClaseIcono` varchar(45) COLLATE utf8_spanish_ci NOT NULL,
  `Titulo` varchar(20) COLLATE utf8_spanish_ci NOT NULL,
  `Ruta` varchar(100) COLLATE utf8_spanish_ci NOT NULL,
  `Target` varchar(6) COLLATE utf8_spanish_ci NOT NULL,
  `Updated` timestamp NOT NULL DEFAULT CURRENT_TIMESTAMP ON UPDATE CURRENT_TIMESTAMP,
  `Sync` datetime NOT NULL DEFAULT '0000-00-00 00:00:00',
  PRIMARY KEY (`ID`)
) ENGINE=InnoDB DEFAULT CHARSET=utf8 COLLATE=utf8_spanish_ci;

INSERT INTO `configuracion_tablas_acciones_adicionales` (`ID`, `TablaDB`, `JavaScript`, `ClaseIcono`, `Titulo`, `Ruta`, `Target`, `Updated`, `Sync`) VALUES
(1,	'facturas',	'',	'fa fa-fw fa-copy',	'Copia',	'../../general/Consultas/PDF_Documentos.draw.php?TipoFactura=COPIA&idDocumento=2&ID=	',	'_BLANK',	'2019-01-13 14:04:49',	'2019-01-13 09:04:49'),
(2,	'facturas',	'',	'fa fa-fw fa-book',	'Contabilidad',	'../../general/Consultas/PDF_Documentos.draw.php?TipoFactura=CONTABILIDAD&idDocumento=2&ID=	',	'_BLANK',	'2019-01-13 14:04:49',	'2019-01-13 09:04:49'),
(3,	'facturas',	'',	'fa fa-fw fa-close',	'Anular',	'../../VAtencion/AnularFactura.php?idFactura=',	'_BLANK',	'2019-01-13 14:04:49',	'2019-01-13 09:04:49'),
(4,	'comprobantes_ingreso',	'',	'fa fa-fw fa-close',	'Anular',	'../../VAtencion/AnularComprobanteIngreso.php?idComprobante=',	'_BLANK',	'2019-03-02 04:38:30',	'2019-03-01 23:38:30'),
(5,	'prestamos_terceros',	'onclick=AbreModalAbonar',	'fa fa-fw fa-plus',	'Abonar',	'#',	'_SELF',	'2019-04-06 19:49:13',	'2019-04-06 14:49:13'),
(6,	'prestamos_terceros',	'onclick=HistorialAbonos',	'fa fa-fw fa-history',	'Historial',	'#',	'_SELF',	'2019-04-07 13:23:24',	'2019-04-07 08:23:24'),
(7,	'usuarios',	'onclick=ListaIPSAsignar',	'fa fa-fw fa-plus',	'Asignar IPS',	'#',	'_SELF',	'2019-04-06 19:49:13',	'2019-04-06 14:49:13');

DROP TABLE IF EXISTS `empresapro`;
CREATE TABLE `empresapro` (
  `idEmpresaPro` int(11) NOT NULL AUTO_INCREMENT,
  `RazonSocial` varchar(45) COLLATE utf8_spanish_ci DEFAULT NULL,
  `NIT` bigint(20) DEFAULT NULL,
  `DigitoVerificacion` int(1) NOT NULL,
  `Direccion` varchar(45) COLLATE utf8_spanish_ci DEFAULT NULL,
  `Barrio` varchar(70) COLLATE utf8_spanish_ci NOT NULL,
  `Telefono` varchar(45) COLLATE utf8_spanish_ci DEFAULT NULL,
  `Celular` varchar(45) COLLATE utf8_spanish_ci DEFAULT NULL,
  `Ciudad` varchar(45) COLLATE utf8_spanish_ci DEFAULT NULL,
  `ResolucionDian` text COLLATE utf8_spanish_ci NOT NULL,
  `Regimen` enum('SIMPLIFICADO','COMUN') COLLATE utf8_spanish_ci DEFAULT 'SIMPLIFICADO',
  `TipoPersona` enum('1','2','3') COLLATE utf8_spanish_ci NOT NULL COMMENT '1 Persona jurica, 2 persona natural,3 grandes contribuyentes',
  `TipoDocumento` int(11) NOT NULL,
  `MatriculoMercantil` bigint(20) NOT NULL,
  `ActividadesEconomicas` text COLLATE utf8_spanish_ci NOT NULL,
  `Email` varchar(45) COLLATE utf8_spanish_ci DEFAULT NULL,
  `WEB` varchar(45) COLLATE utf8_spanish_ci DEFAULT NULL,
  `ObservacionesLegales` text COLLATE utf8_spanish_ci NOT NULL,
  `PuntoEquilibrio` bigint(20) DEFAULT NULL,
  `DatosBancarios` text COLLATE utf8_spanish_ci NOT NULL,
  `RutaImagen` varchar(200) COLLATE utf8_spanish_ci NOT NULL DEFAULT 'LogosEmpresas/logotipo1.png',
  `FacturaSinInventario` varchar(2) COLLATE utf8_spanish_ci NOT NULL,
  `CXPAutomaticas` varchar(2) COLLATE utf8_spanish_ci NOT NULL DEFAULT 'SI',
  `Updated` timestamp NOT NULL DEFAULT CURRENT_TIMESTAMP ON UPDATE CURRENT_TIMESTAMP,
  `Sync` datetime NOT NULL DEFAULT '0000-00-00 00:00:00',
  PRIMARY KEY (`idEmpresaPro`)
) ENGINE=InnoDB DEFAULT CHARSET=utf8 COLLATE=utf8_spanish_ci;

INSERT INTO `empresapro` (`idEmpresaPro`, `RazonSocial`, `NIT`, `DigitoVerificacion`, `Direccion`, `Barrio`, `Telefono`, `Celular`, `Ciudad`, `ResolucionDian`, `Regimen`, `TipoPersona`, `TipoDocumento`, `MatriculoMercantil`, `ActividadesEconomicas`, `Email`, `WEB`, `ObservacionesLegales`, `PuntoEquilibrio`, `DatosBancarios`, `RutaImagen`, `FacturaSinInventario`, `CXPAutomaticas`, `Updated`, `Sync`) VALUES
(1,	'Ftech Colombia SAS',	901143311,	1,	'AvPoblado Cra 43 A 19 17',	'MEDELLIN',	'3177740609',	'3177740609',	'MEDELLIN',	'IVA REGIMEN COMUN ACTIVIDAD ECONOMICA CIIU 8020',	'COMUN',	'3',	31,	1234567,	'O-42;O-42',	'info@technosoluciones.com',	'www.technosoluciones.com',	'Esta Factura de Venta se asimila en todos sus efectos a una letra de cambio (Art. 621 y siguientes del Codigo de Comercio). En caso de mora se causaran los intereses legales Vigentes.',	5000000,	'_',	'LogosEmpresas/logotipo1.png',	'SI',	'SI',	'2019-01-13 14:04:55',	'2019-01-13 09:04:55');

DROP TABLE IF EXISTS `empresapro_regimenes`;
CREATE TABLE `empresapro_regimenes` (
  `ID` int(11) NOT NULL AUTO_INCREMENT,
  `Regimen` varchar(20) COLLATE utf8_spanish_ci NOT NULL,
  `Updated` timestamp NOT NULL DEFAULT CURRENT_TIMESTAMP ON UPDATE CURRENT_TIMESTAMP,
  `Sync` datetime NOT NULL DEFAULT '0000-00-00 00:00:00',
  PRIMARY KEY (`ID`)
) ENGINE=InnoDB DEFAULT CHARSET=utf8 COLLATE=utf8_spanish_ci;

INSERT INTO `empresapro_regimenes` (`ID`, `Regimen`, `Updated`, `Sync`) VALUES
(1,	'COMUN',	'2019-01-13 19:04:55',	'2019-01-13 09:04:55'),
(2,	'SIMPLIFICADO',	'2019-01-13 19:04:55',	'2019-01-13 09:04:55');

DROP TABLE IF EXISTS `eps`;
CREATE TABLE `eps` (
  `ID` bigint(20) NOT NULL AUTO_INCREMENT,
  `Nombre` varchar(120) COLLATE utf8_spanish_ci NOT NULL,
  `NIT` bigint(20) NOT NULL,
  `Direccion` varchar(100) COLLATE utf8_spanish_ci NOT NULL,
  `Departamento` varchar(100) COLLATE utf8_spanish_ci NOT NULL,
  `Municipio` varchar(100) COLLATE utf8_spanish_ci NOT NULL,
  `RepresentanteLegal` varchar(100) COLLATE utf8_spanish_ci NOT NULL,
  `Telefono` varchar(100) COLLATE utf8_spanish_ci NOT NULL,
  `Correo` varchar(100) COLLATE utf8_spanish_ci NOT NULL,
  PRIMARY KEY (`ID`)
) ENGINE=MyISAM DEFAULT CHARSET=utf8 COLLATE=utf8_spanish_ci;

INSERT INTO `eps` (`ID`, `Nombre`, `NIT`, `Direccion`, `Departamento`, `Municipio`, `RepresentanteLegal`, `Telefono`, `Correo`) VALUES
(1,	'ASMET SALUD SAS',	817000248,	'CALLE 5 SUR 16 62',	'CAUCA',	'POPAYAN',	'PEPO',	'31221221',	'jalvaran@gmail.com'),
(3,	'SOS ',	321321321,	'DSADSA',	'VALLE',	'CALI',	'ESE ',	'21321',	'DSADSA'),
(2,	'ASMET SALUD MUTUAL',	900833180,	'CALLE 5 SUR 16 62',	'CAUCA',	'POPAYAN',	'PEPO',	'31221221',	'jalvaran@gmail.com');

DROP TABLE IF EXISTS `formatos_calidad`;
CREATE TABLE `formatos_calidad` (
  `ID` int(11) NOT NULL AUTO_INCREMENT,
  `Nombre` text COLLATE utf8_spanish_ci NOT NULL,
  `Version` varchar(45) COLLATE utf8_spanish_ci NOT NULL,
  `Codigo` text COLLATE utf8_spanish_ci NOT NULL,
  `Fecha` date NOT NULL,
  `CuerpoFormato` text CHARACTER SET latin1 COLLATE latin1_general_ci NOT NULL,
  `NotasPiePagina` text COLLATE utf8_spanish_ci NOT NULL,
  `Updated` timestamp NOT NULL DEFAULT CURRENT_TIMESTAMP ON UPDATE CURRENT_TIMESTAMP,
  `Sync` datetime NOT NULL DEFAULT '0000-00-00 00:00:00',
  PRIMARY KEY (`ID`)
) ENGINE=InnoDB DEFAULT CHARSET=utf8 COLLATE=utf8_spanish_ci;


DROP TABLE IF EXISTS `ips`;
CREATE TABLE `ips` (
  `ID` bigint(20) NOT NULL AUTO_INCREMENT,
  `Nombre` varchar(60) COLLATE utf8_spanish_ci NOT NULL,
  `NIT` bigint(20) NOT NULL,
  `Direccion` varchar(100) COLLATE utf8_spanish_ci NOT NULL,
  `Departamento` varchar(60) COLLATE utf8_spanish_ci NOT NULL,
  `Municipio` varchar(120) COLLATE utf8_spanish_ci NOT NULL,
  `RepresentanteLegal` varchar(120) COLLATE utf8_spanish_ci NOT NULL,
  `Telefono` varchar(120) COLLATE utf8_spanish_ci NOT NULL,
  `Correo` varchar(100) COLLATE utf8_spanish_ci NOT NULL,
  `DataBase` varchar(100) COLLATE utf8_spanish_ci NOT NULL,
  PRIMARY KEY (`ID`)
) ENGINE=MyISAM DEFAULT CHARSET=utf8 COLLATE=utf8_spanish_ci;

INSERT INTO `ips` (`ID`, `Nombre`, `NIT`, `Direccion`, `Departamento`, `Municipio`, `RepresentanteLegal`, `Telefono`, `Correo`, `DataBase`) VALUES
(1,	'Clinica MediLaser S.A.',	813001952,	'CALLSLA',	'HUILA',	'NEIVA',	'PEPITO PEREZ',	'',	'',	'ts_eps_ips_813001952'),
(2,	'Clinica MediMAS S.A.',	900833180,	'CALLSLA',	'VALLE',	'BUGA',	'PEPITO PEREZ',	'',	'',	'ts_eps_ips_900833180');

DROP TABLE IF EXISTS `menu`;
CREATE TABLE `menu` (
  `ID` int(11) NOT NULL AUTO_INCREMENT,
  `Nombre` varchar(80) COLLATE utf8_spanish_ci NOT NULL,
  `idCarpeta` int(11) NOT NULL,
  `Pagina` varchar(80) COLLATE utf8_spanish_ci NOT NULL,
  `Target` varchar(10) COLLATE utf8_spanish_ci NOT NULL DEFAULT '_SELF',
  `Estado` int(1) NOT NULL DEFAULT '1',
  `Image` text COLLATE utf8_spanish_ci NOT NULL,
  `CSS_Clase` varchar(20) COLLATE utf8_spanish_ci NOT NULL,
  `Orden` int(11) NOT NULL,
  `Updated` timestamp NOT NULL DEFAULT CURRENT_TIMESTAMP ON UPDATE CURRENT_TIMESTAMP,
  `Sync` datetime NOT NULL DEFAULT '0000-00-00 00:00:00',
  PRIMARY KEY (`ID`)
) ENGINE=InnoDB DEFAULT CHARSET=utf8 COLLATE=utf8_spanish_ci;

INSERT INTO `menu` (`ID`, `Nombre`, `idCarpeta`, `Pagina`, `Target`, `Estado`, `Image`, `CSS_Clase`, `Orden`, `Updated`, `Sync`) VALUES
(1,	'Administrar',	1,	'Admin.php',	'_BLANK',	1,	'admin.png',	'fa fa-share',	1,	'2019-05-20 15:02:31',	'0000-00-00 00:00:00'),
(2,	'Cargue de Cartera IPS',	1,	'MnuIPS.php',	'_BLANK',	1,	'cuentasxcobrar.png',	'fa fa-share',	1,	'2019-05-20 15:02:31',	'0000-00-00 00:00:00'),
(3,	'Cargue de Cartera EPS',	1,	'MnuEPS.php',	'_BLANK',	1,	'tesoreria.png',	'fa fa-share',	1,	'2019-05-20 15:02:31',	'0000-00-00 00:00:00'),
(4,	'Validacin de Facturas',	1,	'MnuValidaciones.php',	'_BLANK',	1,	'validacion.png',	'fa fa-share',	1,	'2019-05-20 15:02:31',	'0000-00-00 00:00:00'),
(5,	'Tickets',	1,	'MnuTickets.php',	'_BLANK',	1,	'tickets.png',	'fa fa-share',	1,	'2019-06-01 19:23:19',	'0000-00-00 00:00:00');

DROP TABLE IF EXISTS `menu_carpetas`;
CREATE TABLE `menu_carpetas` (
  `ID` int(11) NOT NULL AUTO_INCREMENT,
  `Ruta` varchar(90) COLLATE utf8_spanish_ci NOT NULL,
  `Updated` timestamp NOT NULL DEFAULT CURRENT_TIMESTAMP ON UPDATE CURRENT_TIMESTAMP,
  `Sync` datetime NOT NULL DEFAULT '0000-00-00 00:00:00',
  PRIMARY KEY (`ID`)
) ENGINE=InnoDB DEFAULT CHARSET=utf8 COLLATE=utf8_spanish_ci;

INSERT INTO `menu_carpetas` (`ID`, `Ruta`, `Updated`, `Sync`) VALUES
(1,	'',	'2019-05-20 14:16:33',	'0000-00-00 00:00:00'),
(2,	'../',	'2019-05-20 14:17:13',	'0000-00-00 00:00:00'),
(3,	'../modulos/administrador/',	'2019-05-20 14:17:15',	'0000-00-00 00:00:00'),
(4,	'../modulos/carteraips/',	'2019-05-20 14:17:15',	'0000-00-00 00:00:00'),
(5,	'../modulos/carteraeps/',	'2019-05-20 14:17:15',	'0000-00-00 00:00:00'),
(6,	'../modulos/glosaseps/',	'2019-05-20 14:17:15',	'0000-00-00 00:00:00'),
(7,	'../modulos/anticiposeps/',	'2019-05-20 14:17:15',	'0000-00-00 00:00:00'),
(8,	'../modulos/validaciones/',	'2019-05-20 14:17:15',	'0000-00-00 00:00:00'),
(9,	'../modulos/tickets/',	'2019-05-20 14:17:15',	'0000-00-00 00:00:00');

DROP TABLE IF EXISTS `menu_pestanas`;
CREATE TABLE `menu_pestanas` (
  `ID` int(11) NOT NULL AUTO_INCREMENT,
  `Nombre` varchar(45) COLLATE utf8_spanish_ci NOT NULL,
  `idMenu` int(11) NOT NULL,
  `Orden` int(11) NOT NULL,
  `Estado` bit(1) NOT NULL,
  `Updated` timestamp NOT NULL DEFAULT CURRENT_TIMESTAMP ON UPDATE CURRENT_TIMESTAMP,
  `Sync` datetime NOT NULL DEFAULT '0000-00-00 00:00:00',
  PRIMARY KEY (`ID`)
) ENGINE=InnoDB DEFAULT CHARSET=utf8 COLLATE=utf8_spanish_ci;

INSERT INTO `menu_pestanas` (`ID`, `Nombre`, `idMenu`, `Orden`, `Estado`, `Updated`, `Sync`) VALUES
(1,	'Empresa',	1,	1,	CONV('1', 2, 10) + 0,	'2019-01-13 14:12:43',	'2019-01-13 09:12:43'),
(2,	'Usuarios',	1,	2,	CONV('1', 2, 10) + 0,	'2019-01-13 14:12:43',	'2019-01-13 09:12:43'),
(3,	'Impuestos',	1,	3,	CONV('0', 2, 10) + 0,	'2019-05-20 15:08:22',	'2019-01-13 09:12:43'),
(4,	'Colaboradores',	1,	4,	CONV('0', 2, 10) + 0,	'2019-05-20 15:08:22',	'2019-01-13 09:12:43'),
(5,	'Descuentos',	1,	5,	CONV('0', 2, 10) + 0,	'2019-05-20 15:08:22',	'2019-01-13 09:12:43'),
(6,	'Finanzas',	1,	6,	CONV('0', 2, 10) + 0,	'2019-05-20 15:08:22',	'2019-01-13 09:12:43'),
(7,	'Informes',	1,	7,	CONV('0', 2, 10) + 0,	'2019-05-20 15:08:22',	'2019-01-13 09:12:43'),
(8,	'Hardware',	1,	8,	CONV('0', 2, 10) + 0,	'2019-05-20 15:08:22',	'2019-01-13 09:12:43'),
(9,	'Carga',	2,	1,	CONV('1', 2, 10) + 0,	'2019-05-21 10:32:31',	'2019-01-13 09:12:43'),
(10,	'Cotizaciones',	2,	2,	CONV('0', 2, 10) + 0,	'2019-05-21 10:32:47',	'2019-01-13 09:12:43'),
(11,	'Remisiones',	2,	3,	CONV('0', 2, 10) + 0,	'2019-05-21 10:32:47',	'2019-01-13 09:12:43'),
(12,	'Carga de Archivos',	3,	1,	CONV('1', 2, 10) + 0,	'2019-05-23 12:51:15',	'2019-01-13 09:12:43'),
(13,	'Validaciones',	4,	1,	CONV('1', 2, 10) + 0,	'2019-05-29 03:37:38',	'2019-01-13 09:12:43'),
(14,	'Tickets',	5,	1,	CONV('1', 2, 10) + 0,	'2019-06-01 19:20:23',	'2019-01-13 09:12:43'),
(15,	'Cuentas X Pagar',	11,	1,	CONV('1', 2, 10) + 0,	'2019-01-13 14:12:43',	'2019-01-13 09:12:43'),
(16,	'Financieros',	17,	1,	CONV('1', 2, 10) + 0,	'2019-01-13 14:12:43',	'2019-01-13 09:12:43'),
(17,	'Auxiliares',	17,	2,	CONV('1', 2, 10) + 0,	'2019-01-13 14:12:43',	'2019-01-13 09:12:43'),
(18,	'Reporte de Ventas',	17,	3,	CONV('1', 2, 10) + 0,	'2019-01-13 14:12:43',	'2019-01-13 09:12:43'),
(19,	'Fiscales',	17,	4,	CONV('1', 2, 10) + 0,	'2019-01-13 14:12:43',	'2019-01-13 09:12:43'),
(20,	'Compras',	17,	5,	CONV('1', 2, 10) + 0,	'2019-01-13 14:12:43',	'2019-01-13 09:12:43'),
(21,	'Auditoria',	17,	6,	CONV('1', 2, 10) + 0,	'2019-01-13 14:12:43',	'2019-01-13 09:12:43'),
(22,	'Inventarios',	12,	1,	CONV('1', 2, 10) + 0,	'2019-01-13 14:12:43',	'2019-01-13 09:12:43'),
(23,	'Clasificacion de Inventarios',	12,	2,	CONV('1', 2, 10) + 0,	'2019-01-13 14:12:43',	'2019-01-13 09:12:43'),
(24,	'Bodegas',	12,	3,	CONV('1', 2, 10) + 0,	'2019-01-13 14:12:43',	'2019-01-13 09:12:43'),
(25,	'Movimientos',	12,	4,	CONV('1', 2, 10) + 0,	'2019-01-13 14:12:43',	'2019-01-13 09:12:43'),
(26,	'General',	12,	5,	CONV('1', 2, 10) + 0,	'2019-01-13 14:12:43',	'2019-01-13 09:12:43'),
(27,	'Sistemas',	12,	6,	CONV('1', 2, 10) + 0,	'2019-01-13 14:12:43',	'2019-01-13 09:12:43'),
(28,	'Conteo Fisico',	12,	7,	CONV('1', 2, 10) + 0,	'2019-01-13 14:12:43',	'2019-01-13 09:12:43'),
(29,	'Requerimientos',	18,	1,	CONV('1', 2, 10) + 0,	'2019-01-13 14:12:43',	'2019-01-13 09:12:43'),
(30,	'Restaurante',	16,	1,	CONV('1', 2, 10) + 0,	'2019-01-13 14:12:43',	'2019-01-13 09:12:43'),
(31,	'Configuracion',	16,	2,	CONV('1', 2, 10) + 0,	'2019-01-13 14:12:43',	'2019-01-13 09:12:43'),
(32,	'Titulos',	15,	1,	CONV('1', 2, 10) + 0,	'2019-01-13 14:12:43',	'2019-01-13 09:12:43'),
(33,	'Traslados',	24,	1,	CONV('1', 2, 10) + 0,	'2019-01-13 14:12:43',	'2019-01-13 09:12:43'),
(34,	'Seguimiento',	24,	2,	CONV('1', 2, 10) + 0,	'2019-01-13 14:12:43',	'2019-01-13 09:12:43'),
(35,	'Publicidad',	25,	1,	CONV('1', 2, 10) + 0,	'2019-01-13 14:12:43',	'2019-01-13 09:12:43'),
(36,	'RIPS',	26,	1,	CONV('1', 2, 10) + 0,	'2019-01-13 14:12:43',	'2019-01-13 09:12:43'),
(37,	'Auditoria',	26,	2,	CONV('1', 2, 10) + 0,	'2019-01-13 14:12:43',	'2019-01-13 09:12:43'),
(38,	'Archivos',	26,	4,	CONV('1', 2, 10) + 0,	'2019-01-13 14:12:43',	'2019-01-13 09:12:43'),
(39,	'Legal',	26,	3,	CONV('1', 2, 10) + 0,	'2019-01-13 14:12:43',	'2019-01-13 09:12:43'),
(40,	'Informes Gerenciales',	26,	5,	CONV('1', 2, 10) + 0,	'2019-01-13 14:12:43',	'2019-01-13 09:12:43'),
(41,	'Reportes Graficos',	17,	7,	CONV('1', 2, 10) + 0,	'2019-01-13 14:12:43',	'2019-01-13 09:12:43'),
(42,	'Ventas',	28,	1,	CONV('1', 2, 10) + 0,	'2019-01-13 14:12:43',	'2019-01-13 09:12:43'),
(43,	'Tesoreria',	26,	6,	CONV('1', 2, 10) + 0,	'2019-01-13 14:12:43',	'2019-01-13 09:12:43'),
(44,	'Reservas',	29,	1,	CONV('1', 2, 10) + 0,	'2019-01-13 14:12:43',	'2019-01-13 09:12:43'),
(45,	'Modelos',	30,	1,	CONV('1', 2, 10) + 0,	'2019-01-13 14:12:43',	'2019-01-13 09:12:43'),
(46,	'Documentos',	31,	1,	CONV('1', 2, 10) + 0,	'2019-01-13 14:12:43',	'2019-01-13 09:12:43'),
(48,	'Colaboradores',	20,	1,	CONV('1', 2, 10) + 0,	'2019-01-13 14:12:43',	'2019-01-13 09:12:43'),
(49,	'Ingresos',	23,	1,	CONV('1', 2, 10) + 0,	'2019-01-13 14:12:43',	'2019-01-13 09:12:43');

DROP TABLE IF EXISTS `menu_submenus`;
CREATE TABLE `menu_submenus` (
  `ID` int(11) NOT NULL AUTO_INCREMENT,
  `Nombre` varchar(100) COLLATE utf8_spanish_ci NOT NULL,
  `idPestana` int(11) NOT NULL,
  `idCarpeta` int(11) NOT NULL,
  `idMenu` int(11) NOT NULL,
  `TablaAsociada` varchar(45) COLLATE utf8_spanish_ci NOT NULL,
  `TipoLink` int(1) NOT NULL,
  `JavaScript` varchar(90) COLLATE utf8_spanish_ci NOT NULL,
  `Pagina` varchar(100) COLLATE utf8_spanish_ci NOT NULL,
  `Target` varchar(10) COLLATE utf8_spanish_ci NOT NULL,
  `Estado` int(1) NOT NULL,
  `Image` varchar(200) COLLATE utf8_spanish_ci NOT NULL,
  `Orden` int(11) NOT NULL,
  `Updated` timestamp NOT NULL DEFAULT CURRENT_TIMESTAMP ON UPDATE CURRENT_TIMESTAMP,
  `Sync` datetime NOT NULL DEFAULT '0000-00-00 00:00:00',
  PRIMARY KEY (`ID`)
) ENGINE=InnoDB DEFAULT CHARSET=utf8 COLLATE=utf8_spanish_ci;

INSERT INTO `menu_submenus` (`ID`, `Nombre`, `idPestana`, `idCarpeta`, `idMenu`, `TablaAsociada`, `TipoLink`, `JavaScript`, `Pagina`, `Target`, `Estado`, `Image`, `Orden`, `Updated`, `Sync`) VALUES
(1,	'Empresa',	1,	3,	1,	'empresapro',	0,	'',	'empresapro.php',	'_BLANK',	1,	'empresa.png',	1,	'2019-05-20 15:10:26',	'0000-00-00 00:00:00'),
(2,	'usuarios',	2,	3,	1,	'usuarios',	1,	'onclick=\"SeleccioneTablaDB(`usuarios`)\";',	'usuarios.php',	'_BLANK',	1,	'usuarios.png',	1,	'2019-05-20 15:12:11',	'0000-00-00 00:00:00'),
(3,	'Cargue de Cartera',	9,	4,	2,	'',	1,	'',	'carteraips.php',	'_SELF',	1,	'cuentasxpagar.png',	1,	'2019-05-20 15:12:11',	'0000-00-00 00:00:00'),
(4,	'Cargue de Cartera EPS',	12,	5,	2,	'',	1,	'',	'carteraeps.php',	'_SELF',	1,	'tesoreria.png',	1,	'2019-05-23 12:51:52',	'0000-00-00 00:00:00'),
(5,	'Cargar Pagos EPS',	12,	5,	2,	'',	1,	'',	'pagoseps.php',	'_SELF',	1,	'pago.jpg',	2,	'2019-05-23 12:51:52',	'0000-00-00 00:00:00'),
(6,	'Cargar Glosas EPS',	12,	6,	2,	'',	1,	'',	'glosaseps.php',	'_SELF',	1,	'ar.png',	2,	'2019-05-23 12:51:52',	'0000-00-00 00:00:00'),
(7,	'Cargar Anticipos EPS',	12,	7,	2,	'',	1,	'',	'anticiposeps.php',	'_SELF',	1,	'anticipos.png',	4,	'2019-05-27 22:55:48',	'0000-00-00 00:00:00'),
(8,	'Validacion de facturas',	13,	8,	4,	'',	1,	'',	'validaciones.php',	'_SELF',	1,	'anticipos.png',	1,	'2019-05-27 22:55:48',	'0000-00-00 00:00:00'),
(9,	'Tickets',	14,	9,	5,	'',	1,	'',	'tickets.php',	'_SELF',	1,	'tickets.png',	1,	'2019-06-01 19:21:56',	'0000-00-00 00:00:00'),
(10,	'Administrador',	9,	4,	2,	'',	1,	'',	'adminCarteraIPS.php',	'_SELF',	1,	'admin.png',	1,	'2019-05-20 15:12:11',	'0000-00-00 00:00:00'),
(11,	'Administrador EPS',	12,	5,	2,	'',	1,	'',	'adminCarteraEPS.php',	'_SELF',	1,	'admin.png',	6,	'2019-06-04 10:26:23',	'0000-00-00 00:00:00'),
(12,	'Cargar Notas Credito y Debito EPS',	12,	5,	2,	'',	1,	'',	'notascrdb.php',	'_SELF',	1,	'Anticipos.png',	5,	'2019-05-23 12:51:52',	'0000-00-00 00:00:00');

DROP TABLE IF EXISTS `paginas_bloques`;
CREATE TABLE `paginas_bloques` (
  `ID` int(11) NOT NULL AUTO_INCREMENT,
  `TipoUsuario` varchar(45) COLLATE utf8_spanish_ci NOT NULL,
  `Pagina` varchar(50) COLLATE utf8_spanish_ci NOT NULL,
  `Habilitado` varchar(2) COLLATE utf8_spanish_ci NOT NULL DEFAULT 'SI',
  `Updated` timestamp NOT NULL DEFAULT CURRENT_TIMESTAMP ON UPDATE CURRENT_TIMESTAMP,
  `Sync` datetime NOT NULL DEFAULT '0000-00-00 00:00:00',
  PRIMARY KEY (`ID`)
) ENGINE=InnoDB DEFAULT CHARSET=utf8 COLLATE=utf8_spanish_ci;

INSERT INTO `paginas_bloques` (`ID`, `TipoUsuario`, `Pagina`, `Habilitado`, `Updated`, `Sync`) VALUES
(1,	'ips',	'Menu.php',	'SI',	'2019-05-31 05:11:35',	'0000-00-00 00:00:00'),
(2,	'ips',	'MnuIPS.php',	'SI',	'2019-05-31 05:12:20',	'0000-00-00 00:00:00'),
(3,	'ips',	'MnuValidaciones.php',	'SI',	'2019-05-31 05:13:05',	'0000-00-00 00:00:00'),
(4,	'ips',	'validaciones.php',	'SI',	'2019-05-31 05:13:36',	'0000-00-00 00:00:00');

DROP TABLE IF EXISTS `relacion_usuarios_ips`;
CREATE TABLE `relacion_usuarios_ips` (
  `ID` bigint(20) NOT NULL AUTO_INCREMENT,
  `idUsuario` bigint(20) NOT NULL,
  `idIPS` bigint(20) NOT NULL,
  PRIMARY KEY (`ID`)
) ENGINE=MyISAM DEFAULT CHARSET=utf8 COLLATE=utf8_spanish_ci;

INSERT INTO `relacion_usuarios_ips` (`ID`, `idUsuario`, `idIPS`) VALUES
(10,	3,	813001952),
(8,	6,	813001952),
(11,	3,	900833180),
(7,	6,	0),
(5,	4,	813001952),
(6,	4,	900833180);

DROP TABLE IF EXISTS `respuestas_condicional`;
CREATE TABLE `respuestas_condicional` (
  `ID` int(11) NOT NULL AUTO_INCREMENT,
  `Valor` varchar(4) COLLATE utf8_spanish_ci NOT NULL,
  `Updated` timestamp NOT NULL DEFAULT CURRENT_TIMESTAMP ON UPDATE CURRENT_TIMESTAMP,
  `Sync` datetime NOT NULL DEFAULT '0000-00-00 00:00:00',
  PRIMARY KEY (`ID`)
) ENGINE=InnoDB DEFAULT CHARSET=utf8 COLLATE=utf8_spanish_ci;

INSERT INTO `respuestas_condicional` (`ID`, `Valor`, `Updated`, `Sync`) VALUES
(1,	'NO',	'2019-01-13 19:14:09',	'2019-01-13 09:14:09'),
(2,	'SI',	'2019-01-13 19:14:09',	'2019-01-13 09:14:09');

DROP TABLE IF EXISTS `tablas_campos_control`;
CREATE TABLE `tablas_campos_control` (
  `ID` bigint(20) NOT NULL AUTO_INCREMENT,
  `NombreTabla` varchar(100) COLLATE utf8_spanish_ci NOT NULL,
  `Campo` varchar(100) COLLATE utf8_spanish_ci NOT NULL,
  `Visible` int(1) NOT NULL,
  `Editable` int(1) NOT NULL,
  `Habilitado` int(1) NOT NULL,
  `TipoUser` varchar(45) COLLATE utf8_spanish_ci NOT NULL,
  `idUser` int(11) NOT NULL,
  `Updated` timestamp NOT NULL DEFAULT CURRENT_TIMESTAMP ON UPDATE CURRENT_TIMESTAMP,
  `Sync` datetime NOT NULL DEFAULT '0000-00-00 00:00:00',
  PRIMARY KEY (`ID`)
) ENGINE=InnoDB DEFAULT CHARSET=utf8 COLLATE=utf8_spanish_ci;

INSERT INTO `tablas_campos_control` (`ID`, `NombreTabla`, `Campo`, `Visible`, `Editable`, `Habilitado`, `TipoUser`, `idUser`, `Updated`, `Sync`) VALUES
(1,	'usuarios',	'Password',	0,	1,	0,	'administrador',	3,	'2019-01-13 14:14:12',	'2019-01-13 09:14:12'),
(2,	'empresapro',	'RutaImagen',	0,	1,	0,	'administrador',	3,	'2019-01-13 14:14:12',	'2019-01-13 09:14:12'),
(3,	'empresapro',	'FacturaSinInventario',	0,	1,	0,	'administrador',	3,	'2019-01-13 14:14:12',	'2019-01-13 09:14:12'),
(4,	'empresapro',	'CXPAutomaticas',	0,	1,	0,	'administrador',	3,	'2019-01-13 14:14:12',	'2019-01-13 09:14:12'),
(5,	'empresapro',	'ObservacionesLegales',	0,	1,	0,	'administrador',	3,	'2019-01-13 14:14:12',	'2019-01-13 09:14:12'),
(6,	'empresapro',	'PuntoEquilibrio',	0,	1,	0,	'administrador',	3,	'2019-01-13 14:14:12',	'2019-01-13 09:14:12'),
(7,	'empresapro',	'DatosBancarios',	0,	1,	0,	'administrador',	3,	'2019-01-13 14:14:12',	'2019-01-13 09:14:12'),
(8,	'empresapro',	'TipoPersona',	0,	1,	0,	'administrador',	3,	'2019-01-13 14:14:12',	'2019-01-13 09:14:12'),
(9,	'empresapro',	'TipoDocumento',	0,	1,	0,	'administrador',	3,	'2019-01-13 14:14:12',	'2019-01-13 09:14:12'),
(10,	'empresapro',	'MatriculoMercantil',	0,	1,	0,	'administrador',	3,	'2019-01-13 14:14:12',	'2019-01-13 09:14:12'),
(11,	'empresapro',	'ActividadesEconomicas',	0,	1,	0,	'administrador',	3,	'2019-01-13 14:14:12',	'2019-01-13 09:14:12'),
(12,	'empresapro',	'WEB',	0,	1,	0,	'administrador',	3,	'2019-01-13 14:14:12',	'2019-01-13 09:14:12'),
(13,	'ts_eps_ips_813001952.carteracargadaips',	'NumeroCuentaGlobal',	0,	1,	1,	'administrador',	3,	'2019-06-03 16:57:51',	'0000-00-00 00:00:00'),
(14,	'ts_eps_ips_813001952.carteracargadaips',	'NumeroRadicado',	0,	1,	1,	'administrador',	3,	'2019-06-03 16:57:52',	'0000-00-00 00:00:00'),
(15,	'ts_eps_ips_813001952.carteracargadaips',	'FechaRadicado',	0,	1,	1,	'administrador',	3,	'2019-06-03 16:57:53',	'0000-00-00 00:00:00'),
(16,	'ts_eps_ips_813001952.carteracargadaips',	'TipoNegociacion',	0,	1,	1,	'administrador',	3,	'2019-06-03 16:57:54',	'0000-00-00 00:00:00');

DROP TABLE IF EXISTS `tickets`;
CREATE TABLE `tickets` (
  `ID` bigint(20) NOT NULL AUTO_INCREMENT,
  `FechaApertura` datetime NOT NULL,
  `Asunto` varchar(200) COLLATE utf8_spanish_ci NOT NULL,
  `Estado` int(11) NOT NULL,
  `idUsuarioSolicitante` int(11) NOT NULL,
  `idUsuarioAsignado` int(11) NOT NULL,
  `FechaCierre` datetime NOT NULL,
  `idUsuarioCierra` datetime NOT NULL,
  PRIMARY KEY (`ID`)
) ENGINE=MyISAM DEFAULT CHARSET=utf8 COLLATE=utf8_spanish_ci;

INSERT INTO `tickets` (`ID`, `FechaApertura`, `Asunto`, `Estado`, `idUsuarioSolicitante`, `idUsuarioAsignado`, `FechaCierre`, `idUsuarioCierra`) VALUES
(1,	'2019-06-01 12:00:00',	'PROBLEMA CON FACTURA 1',	1,	3,	0,	'0000-00-00 00:00:00',	'0000-00-00 00:00:00');

DROP TABLE IF EXISTS `tickets_adjuntos`;
CREATE TABLE `tickets_adjuntos` (
  `ID` bigint(20) NOT NULL AUTO_INCREMENT,
  `Ruta` varchar(200) COLLATE utf8_spanish_ci NOT NULL,
  `idMensaje` bigint(20) NOT NULL,
  PRIMARY KEY (`ID`)
) ENGINE=MyISAM DEFAULT CHARSET=utf8 COLLATE=utf8_spanish_ci;


DROP TABLE IF EXISTS `tickets_estados`;
CREATE TABLE `tickets_estados` (
  `ID` int(11) NOT NULL AUTO_INCREMENT,
  `Estado` varchar(45) COLLATE utf8_spanish_ci NOT NULL,
  PRIMARY KEY (`ID`)
) ENGINE=MyISAM DEFAULT CHARSET=utf8 COLLATE=utf8_spanish_ci;

INSERT INTO `tickets_estados` (`ID`, `Estado`) VALUES
(1,	'ABIERTO'),
(2,	'ENVIADO'),
(3,	'ASIGNADO'),
(4,	'LEIDO POR USUARIO ASIGNAD0'),
(5,	'RESPONDIDO X USUARIO ASIGNADO'),
(6,	'RESPONDIDO X USUARIO REMITENTE'),
(7,	'ARCHIVADO'),
(8,	'CERRADO'),
(9,	'ELIMINADO');

DROP TABLE IF EXISTS `tickets_mensajes`;
CREATE TABLE `tickets_mensajes` (
  `ID` bigint(20) NOT NULL AUTO_INCREMENT,
  `Mensaje` text COLLATE utf8_spanish_ci NOT NULL,
  `Estado` int(11) NOT NULL,
  `idUser` int(11) NOT NULL,
  PRIMARY KEY (`ID`)
) ENGINE=MyISAM DEFAULT CHARSET=utf8 COLLATE=utf8_spanish_ci;


DROP TABLE IF EXISTS `usuarios`;
CREATE TABLE `usuarios` (
  `idUsuarios` int(11) NOT NULL AUTO_INCREMENT,
  `Nombre` varchar(45) COLLATE utf8_spanish_ci DEFAULT NULL,
  `Apellido` varchar(45) COLLATE utf8_spanish_ci DEFAULT NULL,
  `Identificacion` varchar(40) COLLATE utf8_spanish_ci NOT NULL,
  `Telefono` varchar(45) COLLATE utf8_spanish_ci DEFAULT NULL,
  `Login` varchar(45) COLLATE utf8_spanish_ci DEFAULT NULL,
  `Password` varchar(45) COLLATE utf8_spanish_ci DEFAULT NULL,
  `TipoUser` varchar(45) COLLATE utf8_spanish_ci DEFAULT NULL,
  `Email` varchar(45) COLLATE utf8_spanish_ci DEFAULT NULL,
  `Role` varchar(45) COLLATE utf8_spanish_ci NOT NULL,
  `Habilitado` varchar(2) COLLATE utf8_spanish_ci NOT NULL DEFAULT 'SI',
  `Updated` timestamp NOT NULL DEFAULT CURRENT_TIMESTAMP ON UPDATE CURRENT_TIMESTAMP,
  `Sync` datetime NOT NULL DEFAULT '0000-00-00 00:00:00',
  PRIMARY KEY (`idUsuarios`)
) ENGINE=InnoDB DEFAULT CHARSET=utf8 COLLATE=utf8_spanish_ci;

INSERT INTO `usuarios` (`idUsuarios`, `Nombre`, `Apellido`, `Identificacion`, `Telefono`, `Login`, `Password`, `TipoUser`, `Email`, `Role`, `Habilitado`, `Updated`, `Sync`) VALUES
(1,	'TECHNO ',	'SOLUCIONES',	'900833180',	'3177740609',	'admin',	'techno',	'administrador',	'info@technosoluciones.com',	'SUPERVISOR',	'SI',	'2019-04-27 15:38:18',	'2019-04-27 10:38:18'),
(2,	'ADMINISTRADOR',	'SOFTCONTECH',	'1',	'1',	'administrador',	'technosoluciones',	'operador',	'no@no.com',	'SUPERVISOR',	'SI',	'2019-05-20 14:08:25',	'2019-01-13 09:14:14'),
(3,	'JULIAN ANDRES',	'ALVARAN',	'94481747',	'3177740609',	'jalvaran',	'pirlo1985',	'administrador',	'jalvaran@gmail.com',	'SUPERVISOR',	'SI',	'2019-04-08 20:35:50',	'2019-04-08 15:35:50'),
(4,	'WILSON',	'ALBERTO MOSQUERA',	'1',	'318 5658225',	'wamc',	'61320',	'ips',	'no',	'ADMINISTRADOR',	'SI',	'2019-05-31 04:52:18',	'2019-01-13 09:14:14'),
(5,	'JUANITO ',	'VALENCIA',	'94223333',	'321321',	'juanito',	'8c02d2185406bb495a360a32f7de61e3',	'ese',	'juanito@gmail.com',	'IPS',	'SI',	'2019-05-20 15:25:35',	'0000-00-00 00:00:00'),
(6,	'ALIMANA',	'VERGARA',	'900189323',	'FDFDS',	'alimana',	'9ea21e0afc298b73d21c98bf157a2e5a',	'dasd',	'JALVARAN@gmail.com',	'dsads',	'SI',	'2019-05-20 15:27:57',	'0000-00-00 00:00:00');

DROP TABLE IF EXISTS `usuarios_roles`;
CREATE TABLE `usuarios_roles` (
  `ID` int(11) NOT NULL AUTO_INCREMENT,
  `Role` varchar(15) COLLATE utf8_spanish_ci NOT NULL,
  PRIMARY KEY (`ID`)
) ENGINE=MyISAM DEFAULT CHARSET=utf8 COLLATE=utf8_spanish_ci;

INSERT INTO `usuarios_roles` (`ID`, `Role`) VALUES
(1,	'SUPERVISOR'),
(2,	'LIQUIDADOR'),
(3,	'IPS');

DROP TABLE IF EXISTS `usuarios_tipo`;
CREATE TABLE `usuarios_tipo` (
  `ID` int(11) NOT NULL AUTO_INCREMENT,
  `Tipo` varchar(45) COLLATE utf8_spanish_ci NOT NULL,
  `Updated` timestamp NOT NULL DEFAULT CURRENT_TIMESTAMP ON UPDATE CURRENT_TIMESTAMP,
  `Sync` datetime NOT NULL DEFAULT '0000-00-00 00:00:00',
  PRIMARY KEY (`ID`)
) ENGINE=InnoDB DEFAULT CHARSET=utf8 COLLATE=utf8_spanish_ci;

INSERT INTO `usuarios_tipo` (`ID`, `Tipo`, `Updated`, `Sync`) VALUES
(1,	'administrador',	'2019-01-13 14:14:14',	'2019-01-13 09:14:14'),
(2,	'eps',	'2019-05-31 04:51:32',	'2019-01-13 09:14:14'),
(3,	'ips',	'2019-05-31 04:51:32',	'2019-01-13 09:14:14');

DROP VIEW IF EXISTS `vista_tickets`;
CREATE TABLE `vista_tickets` (`ID` bigint(20), `FechaApertura` datetime, `Asunto` varchar(200), `Estado` int(11), `idUsuarioSolicitante` int(11), `idUsuarioAsignado` int(11), `FechaCierre` datetime, `idUsuarioCierra` datetime, `NombreSolicitante` varchar(45), `ApellidoSolicitante` varchar(45), `NombreAsignado` varchar(45), `ApellidoAsignado` varchar(45));


DROP TABLE IF EXISTS `vista_tickets`;
CREATE ALGORITHM=UNDEFINED SQL SECURITY DEFINER VIEW `vista_tickets` AS select `t1`.`ID` AS `ID`,`t1`.`FechaApertura` AS `FechaApertura`,`t1`.`Asunto` AS `Asunto`,`t1`.`Estado` AS `Estado`,`t1`.`idUsuarioSolicitante` AS `idUsuarioSolicitante`,`t1`.`idUsuarioAsignado` AS `idUsuarioAsignado`,`t1`.`FechaCierre` AS `FechaCierre`,`t1`.`idUsuarioCierra` AS `idUsuarioCierra`,(select `usuarios`.`Nombre` from `usuarios` where (`usuarios`.`idUsuarios` = `t1`.`idUsuarioSolicitante`)) AS `NombreSolicitante`,(select `usuarios`.`Apellido` from `usuarios` where (`usuarios`.`idUsuarios` = `t1`.`idUsuarioSolicitante`)) AS `ApellidoSolicitante`,(select `usuarios`.`Nombre` from `usuarios` where (`usuarios`.`idUsuarios` = `t1`.`idUsuarioAsignado`)) AS `NombreAsignado`,(select `usuarios`.`Apellido` from `usuarios` where (`usuarios`.`idUsuarios` = `t1`.`idUsuarioAsignado`)) AS `ApellidoAsignado` from `tickets` `t1`;

-- 2019-06-05 04:20:18
